/*
 Navicat Premium Data Transfer

 Source Server         : localhost
 Source Server Type    : MySQL
 Source Server Version : 100410
 Source Host           : localhost:3306
 Source Schema         : db_silatih

 Target Server Type    : MySQL
 Target Server Version : 100410
 File Encoding         : 65001

 Date: 05/02/2024 12:58:43
*/

SET NAMES utf8mb4;
SET FOREIGN_KEY_CHECKS = 0;

-- ----------------------------
-- Table structure for failed_jobs
-- ----------------------------
DROP TABLE IF EXISTS `failed_jobs`;
CREATE TABLE `failed_jobs`  (
  `id` bigint(20) UNSIGNED NOT NULL,
  `uuid` varchar(255) CHARACTER SET utf8mb4 COLLATE utf8mb4_unicode_ci NOT NULL,
  `connection` text CHARACTER SET utf8mb4 COLLATE utf8mb4_unicode_ci NOT NULL,
  `queue` text CHARACTER SET utf8mb4 COLLATE utf8mb4_unicode_ci NOT NULL,
  `payload` longtext CHARACTER SET utf8mb4 COLLATE utf8mb4_unicode_ci NOT NULL,
  `exception` longtext CHARACTER SET utf8mb4 COLLATE utf8mb4_unicode_ci NOT NULL,
  `failed_at` timestamp(0) NOT NULL DEFAULT current_timestamp(),
  PRIMARY KEY (`id`) USING BTREE,
  UNIQUE INDEX `failed_jobs_uuid_unique`(`uuid`) USING BTREE
) ENGINE = InnoDB CHARACTER SET = utf8mb4 COLLATE = utf8mb4_unicode_ci ROW_FORMAT = Dynamic;

-- ----------------------------
-- Table structure for jenis
-- ----------------------------
DROP TABLE IF EXISTS `jenis`;
CREATE TABLE `jenis`  (
  `id_jenis` int(11) NOT NULL AUTO_INCREMENT,
  `jenis` varchar(50) CHARACTER SET utf8mb4 COLLATE utf8mb4_general_ci NOT NULL,
  PRIMARY KEY (`id_jenis`) USING BTREE
) ENGINE = InnoDB AUTO_INCREMENT = 13 CHARACTER SET = utf8mb4 COLLATE = utf8mb4_general_ci ROW_FORMAT = Dynamic;

-- ----------------------------
-- Records of jenis
-- ----------------------------
INSERT INTO `jenis` VALUES (1, 'KOMPETENSI');
INSERT INTO `jenis` VALUES (2, 'KUBE\r\n');
INSERT INTO `jenis` VALUES (3, 'KELOMPOK MASYARAKAT\r\n');

-- ----------------------------
-- Table structure for jurusan
-- ----------------------------
DROP TABLE IF EXISTS `jurusan`;
CREATE TABLE `jurusan`  (
  `id_jurusan` int(4) NOT NULL AUTO_INCREMENT,
  `jurusan` varchar(50) CHARACTER SET utf8mb4 COLLATE utf8mb4_general_ci NOT NULL,
  PRIMARY KEY (`id_jurusan`) USING BTREE
) ENGINE = InnoDB AUTO_INCREMENT = 21 CHARACTER SET = utf8mb4 COLLATE = utf8mb4_general_ci ROW_FORMAT = Dynamic;

-- ----------------------------
-- Records of jurusan
-- ----------------------------
INSERT INTO `jurusan` VALUES (1, 'TATA BOGA');
INSERT INTO `jurusan` VALUES (2, 'TEKNIK OTOMOTIF');
INSERT INTO `jurusan` VALUES (3, 'PERHOTELAN');
INSERT INTO `jurusan` VALUES (4, 'MANAJEMEN SDM');
INSERT INTO `jurusan` VALUES (5, 'IPA/IPS');
INSERT INTO `jurusan` VALUES (6, 'UMUM');

-- ----------------------------
-- Table structure for kelompok
-- ----------------------------
DROP TABLE IF EXISTS `kelompok`;
CREATE TABLE `kelompok`  (
  `id_kelompok` int(11) NOT NULL AUTO_INCREMENT,
  `kelompok` varchar(50) CHARACTER SET utf8mb4 COLLATE utf8mb4_general_ci NOT NULL,
  PRIMARY KEY (`id_kelompok`) USING BTREE
) ENGINE = InnoDB AUTO_INCREMENT = 18 CHARACTER SET = utf8mb4 COLLATE = utf8mb4_general_ci ROW_FORMAT = Dynamic;

-- ----------------------------
-- Records of kelompok
-- ----------------------------
INSERT INTO `kelompok` VALUES (1, 'PENCARI KERJA');
INSERT INTO `kelompok` VALUES (2, 'BEKERJA');
INSERT INTO `kelompok` VALUES (3, 'BURUH TANI TEMBAKAU');
INSERT INTO `kelompok` VALUES (4, 'KELOMPOK MASYARAKAT');

-- ----------------------------
-- Table structure for migrations
-- ----------------------------
DROP TABLE IF EXISTS `migrations`;
CREATE TABLE `migrations`  (
  `id` int(10) UNSIGNED NOT NULL,
  `migration` varchar(255) CHARACTER SET utf8mb4 COLLATE utf8mb4_unicode_ci NOT NULL,
  `batch` int(11) NOT NULL,
  PRIMARY KEY (`id`) USING BTREE
) ENGINE = InnoDB CHARACTER SET = utf8mb4 COLLATE = utf8mb4_unicode_ci ROW_FORMAT = Dynamic;

-- ----------------------------
-- Records of migrations
-- ----------------------------
INSERT INTO `migrations` VALUES (1, '2014_10_12_000000_create_users_table', 1);
INSERT INTO `migrations` VALUES (2, '2014_10_12_100000_create_password_resets_table', 1);
INSERT INTO `migrations` VALUES (3, '2014_10_12_200000_add_two_factor_columns_to_users_table', 1);
INSERT INTO `migrations` VALUES (4, '2019_08_19_000000_create_failed_jobs_table', 1);
INSERT INTO `migrations` VALUES (5, '2019_12_14_000001_create_personal_access_tokens_table', 1);
INSERT INTO `migrations` VALUES (6, '2021_09_06_084602_create_sessions_table', 1);

-- ----------------------------
-- Table structure for pelatihan
-- ----------------------------
DROP TABLE IF EXISTS `pelatihan`;
CREATE TABLE `pelatihan`  (
  `id_pelatihan` int(4) NOT NULL AUTO_INCREMENT,
  `pelatihan` varchar(50) CHARACTER SET utf8mb4 COLLATE utf8mb4_general_ci NOT NULL,
  `jenis` varchar(50) CHARACTER SET utf8mb4 COLLATE utf8mb4_general_ci NOT NULL,
  PRIMARY KEY (`id_pelatihan`) USING BTREE
) ENGINE = InnoDB AUTO_INCREMENT = 7 CHARACTER SET = utf8mb4 COLLATE = utf8mb4_general_ci ROW_FORMAT = Dynamic;

-- ----------------------------
-- Records of pelatihan
-- ----------------------------
INSERT INTO `pelatihan` VALUES (1, 'BAHASA JEPANG', 'KOMPETENSI\r\n');
INSERT INTO `pelatihan` VALUES (2, 'OTOMOTIF RODA DUA', 'KOMPETENSI\r\n');
INSERT INTO `pelatihan` VALUES (3, 'MENJAHIT', 'KOMPETENSI\r\n');
INSERT INTO `pelatihan` VALUES (4, 'PROCESSING', 'KUBE\r\n');
INSERT INTO `pelatihan` VALUES (5, 'TEKNIK PENGELASAN', 'KOMPETENSI\r\n');
INSERT INTO `pelatihan` VALUES (6, 'KERAJINAN TAS PLASTIK', 'KUBE\r\n');

-- ----------------------------
-- Table structure for pengguna
-- ----------------------------
DROP TABLE IF EXISTS `pengguna`;
CREATE TABLE `pengguna`  (
  `id` bigint(20) NOT NULL AUTO_INCREMENT,
  `nama` varchar(200) CHARACTER SET utf8mb4 COLLATE utf8mb4_general_ci NOT NULL,
  `email` varchar(100) CHARACTER SET utf8mb4 COLLATE utf8mb4_general_ci NOT NULL,
  `telp` varchar(15) CHARACTER SET utf8mb4 COLLATE utf8mb4_general_ci NOT NULL,
  `password` varchar(150) CHARACTER SET utf8mb4 COLLATE utf8mb4_general_ci NOT NULL,
  `foto` varchar(100) CHARACTER SET utf8mb4 COLLATE utf8mb4_general_ci NOT NULL,
  UNIQUE INDEX `id`(`id`) USING BTREE
) ENGINE = InnoDB AUTO_INCREMENT = 1 CHARACTER SET = utf8mb4 COLLATE = utf8mb4_general_ci ROW_FORMAT = Dynamic;

-- ----------------------------
-- Table structure for probabilitas
-- ----------------------------
DROP TABLE IF EXISTS `probabilitas`;
CREATE TABLE `probabilitas`  (
  `id` int(4) NOT NULL AUTO_INCREMENT,
  `kolom` varchar(20) CHARACTER SET utf8mb4 COLLATE utf8mb4_general_ci NOT NULL,
  `data` text CHARACTER SET utf8mb4 COLLATE utf8mb4_general_ci NOT NULL,
  UNIQUE INDEX `id`(`id`) USING BTREE
) ENGINE = InnoDB AUTO_INCREMENT = 5 CHARACTER SET = utf8mb4 COLLATE = utf8mb4_general_ci ROW_FORMAT = Dynamic;

-- ----------------------------
-- Records of probabilitas
-- ----------------------------
INSERT INTO `probabilitas` VALUES (1, 'KELAMIN', '{\"PELATIHAN\":{\"1\":\"BAHASA JEPANG\",\"2\":\"OTOMOTIF RODA DUA\",\"3\":\"MENJAHIT\",\"4\":\"PROCESSING\",\"5\":\"TEKNIK PENGELASAN\",\"6\":\"KERAJINAN TAS PLASTIK\"},\"ITEM\":[\"L\",\"P\"],\"NILAI\":[[\"4\",\"0\",\"20\",\"1\",\"1\",\"8\"],[\"0\",\"9\",\"3\",\"0\",\"0\",\"4\"]],\"MAX\":[\"4\",\"9\",\"20\",\"1\",\"1\",\"12\"],\"TOTAL\":[4,9,23,1,1,12],\"MEAN\":[73,74.5,7.5,3,4,1,51.5],\"STDEV\":[21.213203435596427,2.1213203435596424,0.7071067811865476,0,0,1.4142135623730951,36.062445840513924]}');
INSERT INTO `probabilitas` VALUES (2, 'PENDIDIKAN', '{\"PELATIHAN\":{\"1\":\"BAHASA JEPANG\",\"2\":\"OTOMOTIF RODA DUA\",\"3\":\"MENJAHIT\",\"4\":\"PROCESSING\",\"5\":\"TEKNIK PENGELASAN\",\"6\":\"KERAJINAN TAS PLASTIK\"},\"ITEM\":[\"S1\",\"SMA atau Sederajat\",\"SMK\",\"SMP atau Sederajat\"],\"NILAI\":[[\"0\",\"0\",\"10\",\"0\",\"0\",\"0\"],[\"0\",\"0\",\"2\",\"0\",\"0\",\"0\"],[\"4\",\"9\",\"0\",\"1\",\"4\",\"2\"],[\"0\",\"23\",\"1\",\"0\",\"0\",\"0\"]],\"MAX\":[\"0\",\"73\",\"10\",\"5\",\"4\",\"2\"],\"TOTAL\":[4,9,15,6,8,2],\"MEAN\":[24.333333333333332,24.833333333333332,2.5,1,1.3333333333333333,0.3333333333333333],\"STDEV\":[27.659838514833503,31.517719883688713,3.7815340802378077,2,2.0655911179772892,0.816496580927726]}');
INSERT INTO `probabilitas` VALUES (3, 'JURUSAN', '{\"PELATIHAN\":{\"1\":\"BAHASA JEPANG\",\"2\":\"OTOMOTIF RODA DUA\",\"3\":\"MENJAHIT\",\"4\":\"PROCESSING\",\"5\":\"TEKNIK PENGELASAN\",\"6\":\"KERAJINAN TAS PLASTIK\"},\"ITEM\":[\"S1\",\"SMA atau Sederajat\",\"SMK\",\"SMP atau Sederajat\"],\"NILAI\":[[\"0\",\"0\",\"2\",\"0\",\"0\",\"0\"],[\"0\",\"0\",\"2\",\"0\",\"0\",\"5\"],[\"4\",\"9\",\"18\",\"1\",\"1\",\"1\"],[\"0\",\"0\",\"1\",\"0\",\"0\",\"6\"]],\"MAX\":[\"4\",\"9\",\"18\",\"1\",\"1\",\"6\"],\"TOTAL\":[4,9,23,1,1,12],\"MEAN\":[24.333333333333332,24.833333333333332,2.5,1,1.3333333333333333,0.3333333333333333],\"STDEV\":[27.659838514833503,31.517719883688713,3.7815340802378077,2,2.0655911179772892,0.816496580927726]}');
INSERT INTO `probabilitas` VALUES (4, 'STATUS', '{\"PELATIHAN\":{\"1\":\"BAHASA JEPANG\",\"2\":\"OTOMOTIF RODA DUA\",\"3\":\"MENJAHIT\",\"4\":\"PROCESSING\",\"5\":\"TEKNIK PENGELASAN\",\"6\":\"KERAJINAN TAS PLASTIK\"},\"ITEM\":[\"PENCARI KERJA\",\"BEKERJA\",\"BURUH TANI TEMBAKAU\",\"KELOMPOK MASYARAKAT\"],\"NILAI\":[[\"0\",\"7\",\"11\",\"0\",\"0\",\"5\"],[\"0\",\"2\",\"1\",\"0\",\"0\",\"0\"],[\"4\",\"0\",\"1\",\"1\",\"0\",\"0\"],[\"0\",\"0\",\"10\",\"0\",\"1\",\"7\"]],\"MAX\":[\"4\",\"7\",\"11\",\"1\",\"1\",\"7\"],\"TOTAL\":[4,9,23,1,1,12],\"MEAN\":[24.333333333333332,24.833333333333332,2.5,1,1.3333333333333333,0.3333333333333333,17.166666666666668],\"STDEV\":[27.659838514833503,31.517719883688713,3.7815340802378077,2,2.0655911179772892,0.816496580927726,19.52861148844604]}');

-- ----------------------------
-- Table structure for rekomendasi
-- ----------------------------
DROP TABLE IF EXISTS `rekomendasi`;
CREATE TABLE `rekomendasi`  (
  `id` bigint(20) UNSIGNED NOT NULL AUTO_INCREMENT,
  `nik` text CHARACTER SET utf8mb4 COLLATE utf8mb4_unicode_ci NOT NULL,
  `data` text CHARACTER SET utf8mb4 COLLATE utf8mb4_unicode_ci NOT NULL,
  `rekomendasi` varchar(50) CHARACTER SET utf8mb4 COLLATE utf8mb4_unicode_ci NOT NULL,
  PRIMARY KEY (`id`) USING BTREE
) ENGINE = InnoDB AUTO_INCREMENT = 31 CHARACTER SET = utf8mb4 COLLATE = utf8mb4_unicode_ci ROW_FORMAT = Dynamic;

-- ----------------------------
-- Records of rekomendasi
-- ----------------------------
INSERT INTO `rekomendasi` VALUES (1, '3520145712020002', '{\"JENIS KELAMIN\":{\"BAHASA JEPANG\":{\"VAL\":\"18\",\"TOTAL\":146,\"NILAI\":0.1232876712328767},\"OTOMOTIF RODA DUA\":{\"VAL\":\"24\",\"TOTAL\":149,\"NILAI\":0.1610738255033557},\"MENJAHIT\":{\"VAL\":\"0\",\"TOTAL\":15,\"NILAI\":0},\"PROCESSING\":{\"VAL\":\"0\",\"TOTAL\":6,\"NILAI\":0},\"TEKNIK PENGELASAN\":{\"VAL\":\"0\",\"TOTAL\":8,\"NILAI\":0},\"KERAJINAN TAS PLASTIK\":{\"VAL\":\"0\",\"TOTAL\":2,\"NILAI\":0}},\"PENDIDIKAN\":{\"PPA\":{\"VAL\":\"59\",\"TOTAL\":146,\"NILAI\":0.4041095890410959},\"BBM\":{\"VAL\":\"53\",\"TOTAL\":149,\"NILAI\":0.35570469798657717},\"SUPERSEMAR\":{\"VAL\":\"10\",\"TOTAL\":15,\"NILAI\":0.6666666666666666},\"BI\":{\"VAL\":\"0\",\"TOTAL\":6,\"NILAI\":0},\"BRI\":{\"VAL\":\"0\",\"TOTAL\":8,\"NILAI\":0},\"BTN\":{\"VAL\":\"0\",\"TOTAL\":2,\"NILAI\":0}},\"JURUSAN\":{\"PPA\":{\"VAL\":\"58\",\"TOTAL\":146,\"NILAI\":0.3972602739726027},\"BBM\":{\"VAL\":\"76\",\"TOTAL\":149,\"NILAI\":0.5100671140939598},\"SUPERSEMAR\":{\"VAL\":\"8\",\"TOTAL\":15,\"NILAI\":0.5333333333333333},\"BI\":{\"VAL\":\"3\",\"TOTAL\":6,\"NILAI\":0.5},\"BRI\":{\"VAL\":\"4\",\"TOTAL\":8,\"NILAI\":0.5},\"BTN\":{\"VAL\":\"2\",\"TOTAL\":2,\"NILAI\":1}},\"STATUS\":{\"PPA\":{\"VAL\":\"2\",\"STDEV\":2.0353913769728766,\"MEAN\":1.697674418604651,\"NILAI\":0.27650813586411216},\"BBM\":{\"VAL\":\"0\",\"STDEV\":2.4370880338665106,\"MEAN\":1.7325581395348837,\"NILAI\":0.19844555360589494},\"SUPERSEMAR\":{\"VAL\":\"0\",\"STDEV\":0.41136388543238717,\"MEAN\":0.1744186046511628,\"NILAI\":0.5684229402018633},\"BI\":{\"VAL\":\"0\",\"STDEV\":0.25624885305538947,\"MEAN\":0.06976744186046512,\"NILAI\":0.7592679119414099},\"BRI\":{\"VAL\":\"0\",\"STDEV\":0.2921686449635951,\"MEAN\":0.09302325581395349,\"NILAI\":0.7014445379137965},\"BTN\":{\"VAL\":\"0\",\"STDEV\":0.1515988659003453,\"MEAN\":0.023255813953488372,\"NILAI\":1.0124291745224323}}}\r\n', 'BAHASA JEPANG');
INSERT INTO `rekomendasi` VALUES (2, '3520146103000001', '{\"JENIS KELAMIN\":{\"BAHASA JEPANG\":{\"VAL\":\"18\",\"TOTAL\":146,\"NILAI\":0.1232876712328767},\"OTOMOTIF RODA DUA\":{\"VAL\":\"24\",\"TOTAL\":149,\"NILAI\":0.1610738255033557},\"MENJAHIT\":{\"VAL\":\"0\",\"TOTAL\":15,\"NILAI\":0},\"PROCESSING\":{\"VAL\":\"0\",\"TOTAL\":6,\"NILAI\":0},\"TEKNIK PENGELASAN\":{\"VAL\":\"0\",\"TOTAL\":8,\"NILAI\":0},\"KERAJINAN TAS PLASTIK\":{\"VAL\":\"0\",\"TOTAL\":2,\"NILAI\":0}},\"PENDIDIKAN\":{\"PPA\":{\"VAL\":\"59\",\"TOTAL\":146,\"NILAI\":0.4041095890410959},\"BBM\":{\"VAL\":\"53\",\"TOTAL\":149,\"NILAI\":0.35570469798657717},\"SUPERSEMAR\":{\"VAL\":\"10\",\"TOTAL\":15,\"NILAI\":0.6666666666666666},\"BI\":{\"VAL\":\"0\",\"TOTAL\":6,\"NILAI\":0},\"BRI\":{\"VAL\":\"0\",\"TOTAL\":8,\"NILAI\":0},\"BTN\":{\"VAL\":\"0\",\"TOTAL\":2,\"NILAI\":0}},\"JURUSAN\":{\"PPA\":{\"VAL\":\"58\",\"TOTAL\":146,\"NILAI\":0.3972602739726027},\"BBM\":{\"VAL\":\"76\",\"TOTAL\":149,\"NILAI\":0.5100671140939598},\"SUPERSEMAR\":{\"VAL\":\"8\",\"TOTAL\":15,\"NILAI\":0.5333333333333333},\"BI\":{\"VAL\":\"3\",\"TOTAL\":6,\"NILAI\":0.5},\"BRI\":{\"VAL\":\"4\",\"TOTAL\":8,\"NILAI\":0.5},\"BTN\":{\"VAL\":\"2\",\"TOTAL\":2,\"NILAI\":1}},\"STATUS\":{\"PPA\":{\"VAL\":\"2\",\"STDEV\":2.0353913769728766,\"MEAN\":1.697674418604651,\"NILAI\":0.27650813586411216},\"BBM\":{\"VAL\":\"0\",\"STDEV\":2.4370880338665106,\"MEAN\":1.7325581395348837,\"NILAI\":0.19844555360589494},\"SUPERSEMAR\":{\"VAL\":\"0\",\"STDEV\":0.41136388543238717,\"MEAN\":0.1744186046511628,\"NILAI\":0.5684229402018633},\"BI\":{\"VAL\":\"0\",\"STDEV\":0.25624885305538947,\"MEAN\":0.06976744186046512,\"NILAI\":0.7592679119414099},\"BRI\":{\"VAL\":\"0\",\"STDEV\":0.2921686449635951,\"MEAN\":0.09302325581395349,\"NILAI\":0.7014445379137965},\"BTN\":{\"VAL\":\"0\",\"STDEV\":0.1515988659003453,\"MEAN\":0.023255813953488372,\"NILAI\":1.0124291745224323}}}\r\n', 'BAHASA JEPANG');
INSERT INTO `rekomendasi` VALUES (3, '3520145502020001', '{\"JENIS KELAMIN\":{\"BAHASA JEPANG\":{\"VAL\":\"18\",\"TOTAL\":146,\"NILAI\":0.1232876712328767},\"OTOMOTIF RODA DUA\":{\"VAL\":\"24\",\"TOTAL\":149,\"NILAI\":0.1610738255033557},\"MENJAHIT\":{\"VAL\":\"0\",\"TOTAL\":15,\"NILAI\":0},\"PROCESSING\":{\"VAL\":\"0\",\"TOTAL\":6,\"NILAI\":0},\"TEKNIK PENGELASAN\":{\"VAL\":\"0\",\"TOTAL\":8,\"NILAI\":0},\"KERAJINAN TAS PLASTIK\":{\"VAL\":\"0\",\"TOTAL\":2,\"NILAI\":0}},\"PENDIDIKAN\":{\"PPA\":{\"VAL\":\"59\",\"TOTAL\":146,\"NILAI\":0.4041095890410959},\"BBM\":{\"VAL\":\"53\",\"TOTAL\":149,\"NILAI\":0.35570469798657717},\"SUPERSEMAR\":{\"VAL\":\"10\",\"TOTAL\":15,\"NILAI\":0.6666666666666666},\"BI\":{\"VAL\":\"0\",\"TOTAL\":6,\"NILAI\":0},\"BRI\":{\"VAL\":\"0\",\"TOTAL\":8,\"NILAI\":0},\"BTN\":{\"VAL\":\"0\",\"TOTAL\":2,\"NILAI\":0}},\"JURUSAN\":{\"PPA\":{\"VAL\":\"58\",\"TOTAL\":146,\"NILAI\":0.3972602739726027},\"BBM\":{\"VAL\":\"76\",\"TOTAL\":149,\"NILAI\":0.5100671140939598},\"SUPERSEMAR\":{\"VAL\":\"8\",\"TOTAL\":15,\"NILAI\":0.5333333333333333},\"BI\":{\"VAL\":\"3\",\"TOTAL\":6,\"NILAI\":0.5},\"BRI\":{\"VAL\":\"4\",\"TOTAL\":8,\"NILAI\":0.5},\"BTN\":{\"VAL\":\"2\",\"TOTAL\":2,\"NILAI\":1}},\"STATUS\":{\"PPA\":{\"VAL\":\"2\",\"STDEV\":2.0353913769728766,\"MEAN\":1.697674418604651,\"NILAI\":0.27650813586411216},\"BBM\":{\"VAL\":\"0\",\"STDEV\":2.4370880338665106,\"MEAN\":1.7325581395348837,\"NILAI\":0.19844555360589494},\"SUPERSEMAR\":{\"VAL\":\"0\",\"STDEV\":0.41136388543238717,\"MEAN\":0.1744186046511628,\"NILAI\":0.5684229402018633},\"BI\":{\"VAL\":\"0\",\"STDEV\":0.25624885305538947,\"MEAN\":0.06976744186046512,\"NILAI\":0.7592679119414099},\"BRI\":{\"VAL\":\"0\",\"STDEV\":0.2921686449635951,\"MEAN\":0.09302325581395349,\"NILAI\":0.7014445379137965},\"BTN\":{\"VAL\":\"0\",\"STDEV\":0.1515988659003453,\"MEAN\":0.023255813953488372,\"NILAI\":1.0124291745224323}}}\r\n', 'BAHASA JEPANG');
INSERT INTO `rekomendasi` VALUES (4, '3520095607030002', '{\"JENIS KELAMIN\":{\"BAHASA JEPANG\":{\"VAL\":\"18\",\"TOTAL\":146,\"NILAI\":0.1232876712328767},\"OTOMOTIF RODA DUA\":{\"VAL\":\"24\",\"TOTAL\":149,\"NILAI\":0.1610738255033557},\"MENJAHIT\":{\"VAL\":\"0\",\"TOTAL\":15,\"NILAI\":0},\"PROCESSING\":{\"VAL\":\"0\",\"TOTAL\":6,\"NILAI\":0},\"TEKNIK PENGELASAN\":{\"VAL\":\"0\",\"TOTAL\":8,\"NILAI\":0},\"KERAJINAN TAS PLASTIK\":{\"VAL\":\"0\",\"TOTAL\":2,\"NILAI\":0}},\"PENDIDIKAN\":{\"PPA\":{\"VAL\":\"59\",\"TOTAL\":146,\"NILAI\":0.4041095890410959},\"BBM\":{\"VAL\":\"53\",\"TOTAL\":149,\"NILAI\":0.35570469798657717},\"SUPERSEMAR\":{\"VAL\":\"10\",\"TOTAL\":15,\"NILAI\":0.6666666666666666},\"BI\":{\"VAL\":\"0\",\"TOTAL\":6,\"NILAI\":0},\"BRI\":{\"VAL\":\"0\",\"TOTAL\":8,\"NILAI\":0},\"BTN\":{\"VAL\":\"0\",\"TOTAL\":2,\"NILAI\":0}},\"JURUSAN\":{\"PPA\":{\"VAL\":\"58\",\"TOTAL\":146,\"NILAI\":0.3972602739726027},\"BBM\":{\"VAL\":\"76\",\"TOTAL\":149,\"NILAI\":0.5100671140939598},\"SUPERSEMAR\":{\"VAL\":\"8\",\"TOTAL\":15,\"NILAI\":0.5333333333333333},\"BI\":{\"VAL\":\"3\",\"TOTAL\":6,\"NILAI\":0.5},\"BRI\":{\"VAL\":\"4\",\"TOTAL\":8,\"NILAI\":0.5},\"BTN\":{\"VAL\":\"2\",\"TOTAL\":2,\"NILAI\":1}},\"STATUS\":{\"PPA\":{\"VAL\":\"2\",\"STDEV\":2.0353913769728766,\"MEAN\":1.697674418604651,\"NILAI\":0.27650813586411216},\"BBM\":{\"VAL\":\"0\",\"STDEV\":2.4370880338665106,\"MEAN\":1.7325581395348837,\"NILAI\":0.19844555360589494},\"SUPERSEMAR\":{\"VAL\":\"0\",\"STDEV\":0.41136388543238717,\"MEAN\":0.1744186046511628,\"NILAI\":0.5684229402018633},\"BI\":{\"VAL\":\"0\",\"STDEV\":0.25624885305538947,\"MEAN\":0.06976744186046512,\"NILAI\":0.7592679119414099},\"BRI\":{\"VAL\":\"0\",\"STDEV\":0.2921686449635951,\"MEAN\":0.09302325581395349,\"NILAI\":0.7014445379137965},\"BTN\":{\"VAL\":\"0\",\"STDEV\":0.1515988659003453,\"MEAN\":0.023255813953488372,\"NILAI\":1.0124291745224323}}}\r\n', 'BAHASA JEPANG');
INSERT INTO `rekomendasi` VALUES (5, '3520134701010001', '{\"JENIS KELAMIN\":{\"BAHASA JEPANG\":{\"VAL\":\"18\",\"TOTAL\":146,\"NILAI\":0.1232876712328767},\"OTOMOTIF RODA DUA\":{\"VAL\":\"24\",\"TOTAL\":149,\"NILAI\":0.1610738255033557},\"MENJAHIT\":{\"VAL\":\"0\",\"TOTAL\":15,\"NILAI\":0},\"PROCESSING\":{\"VAL\":\"0\",\"TOTAL\":6,\"NILAI\":0},\"TEKNIK PENGELASAN\":{\"VAL\":\"0\",\"TOTAL\":8,\"NILAI\":0},\"KERAJINAN TAS PLASTIK\":{\"VAL\":\"0\",\"TOTAL\":2,\"NILAI\":0}},\"PENDIDIKAN\":{\"PPA\":{\"VAL\":\"59\",\"TOTAL\":146,\"NILAI\":0.4041095890410959},\"BBM\":{\"VAL\":\"53\",\"TOTAL\":149,\"NILAI\":0.35570469798657717},\"SUPERSEMAR\":{\"VAL\":\"10\",\"TOTAL\":15,\"NILAI\":0.6666666666666666},\"BI\":{\"VAL\":\"0\",\"TOTAL\":6,\"NILAI\":0},\"BRI\":{\"VAL\":\"0\",\"TOTAL\":8,\"NILAI\":0},\"BTN\":{\"VAL\":\"0\",\"TOTAL\":2,\"NILAI\":0}},\"JURUSAN\":{\"PPA\":{\"VAL\":\"58\",\"TOTAL\":146,\"NILAI\":0.3972602739726027},\"BBM\":{\"VAL\":\"76\",\"TOTAL\":149,\"NILAI\":0.5100671140939598},\"SUPERSEMAR\":{\"VAL\":\"8\",\"TOTAL\":15,\"NILAI\":0.5333333333333333},\"BI\":{\"VAL\":\"3\",\"TOTAL\":6,\"NILAI\":0.5},\"BRI\":{\"VAL\":\"4\",\"TOTAL\":8,\"NILAI\":0.5},\"BTN\":{\"VAL\":\"2\",\"TOTAL\":2,\"NILAI\":1}},\"STATUS\":{\"PPA\":{\"VAL\":\"2\",\"STDEV\":2.0353913769728766,\"MEAN\":1.697674418604651,\"NILAI\":0.27650813586411216},\"BBM\":{\"VAL\":\"0\",\"STDEV\":2.4370880338665106,\"MEAN\":1.7325581395348837,\"NILAI\":0.19844555360589494},\"SUPERSEMAR\":{\"VAL\":\"0\",\"STDEV\":0.41136388543238717,\"MEAN\":0.1744186046511628,\"NILAI\":0.5684229402018633},\"BI\":{\"VAL\":\"0\",\"STDEV\":0.25624885305538947,\"MEAN\":0.06976744186046512,\"NILAI\":0.7592679119414099},\"BRI\":{\"VAL\":\"0\",\"STDEV\":0.2921686449635951,\"MEAN\":0.09302325581395349,\"NILAI\":0.7014445379137965},\"BTN\":{\"VAL\":\"0\",\"STDEV\":0.1515988659003453,\"MEAN\":0.023255813953488372,\"NILAI\":1.0124291745224323}}}\r\n', 'BAHASA JEPANG');
INSERT INTO `rekomendasi` VALUES (6, '3520185405030001', '{\"JENIS KELAMIN\":{\"BAHASA JEPANG\":{\"VAL\":\"18\",\"TOTAL\":146,\"NILAI\":0.1232876712328767},\"OTOMOTIF RODA DUA\":{\"VAL\":\"24\",\"TOTAL\":149,\"NILAI\":0.1610738255033557},\"MENJAHIT\":{\"VAL\":\"0\",\"TOTAL\":15,\"NILAI\":0},\"PROCESSING\":{\"VAL\":\"0\",\"TOTAL\":6,\"NILAI\":0},\"TEKNIK PENGELASAN\":{\"VAL\":\"0\",\"TOTAL\":8,\"NILAI\":0},\"KERAJINAN TAS PLASTIK\":{\"VAL\":\"0\",\"TOTAL\":2,\"NILAI\":0}},\"PENDIDIKAN\":{\"PPA\":{\"VAL\":\"59\",\"TOTAL\":146,\"NILAI\":0.4041095890410959},\"BBM\":{\"VAL\":\"53\",\"TOTAL\":149,\"NILAI\":0.35570469798657717},\"SUPERSEMAR\":{\"VAL\":\"10\",\"TOTAL\":15,\"NILAI\":0.6666666666666666},\"BI\":{\"VAL\":\"0\",\"TOTAL\":6,\"NILAI\":0},\"BRI\":{\"VAL\":\"0\",\"TOTAL\":8,\"NILAI\":0},\"BTN\":{\"VAL\":\"0\",\"TOTAL\":2,\"NILAI\":0}},\"JURUSAN\":{\"PPA\":{\"VAL\":\"58\",\"TOTAL\":146,\"NILAI\":0.3972602739726027},\"BBM\":{\"VAL\":\"76\",\"TOTAL\":149,\"NILAI\":0.5100671140939598},\"SUPERSEMAR\":{\"VAL\":\"8\",\"TOTAL\":15,\"NILAI\":0.5333333333333333},\"BI\":{\"VAL\":\"3\",\"TOTAL\":6,\"NILAI\":0.5},\"BRI\":{\"VAL\":\"4\",\"TOTAL\":8,\"NILAI\":0.5},\"BTN\":{\"VAL\":\"2\",\"TOTAL\":2,\"NILAI\":1}},\"STATUS\":{\"PPA\":{\"VAL\":\"2\",\"STDEV\":2.0353913769728766,\"MEAN\":1.697674418604651,\"NILAI\":0.27650813586411216},\"BBM\":{\"VAL\":\"0\",\"STDEV\":2.4370880338665106,\"MEAN\":1.7325581395348837,\"NILAI\":0.19844555360589494},\"SUPERSEMAR\":{\"VAL\":\"0\",\"STDEV\":0.41136388543238717,\"MEAN\":0.1744186046511628,\"NILAI\":0.5684229402018633},\"BI\":{\"VAL\":\"0\",\"STDEV\":0.25624885305538947,\"MEAN\":0.06976744186046512,\"NILAI\":0.7592679119414099},\"BRI\":{\"VAL\":\"0\",\"STDEV\":0.2921686449635951,\"MEAN\":0.09302325581395349,\"NILAI\":0.7014445379137965},\"BTN\":{\"VAL\":\"0\",\"STDEV\":0.1515988659003453,\"MEAN\":0.023255813953488372,\"NILAI\":1.0124291745224323}}}\r\n', 'BAHASA JEPANG');
INSERT INTO `rekomendasi` VALUES (7, '3520115009030001', '{\"JENIS KELAMIN\":{\"BAHASA JEPANG\":{\"VAL\":\"18\",\"TOTAL\":146,\"NILAI\":0.1232876712328767},\"OTOMOTIF RODA DUA\":{\"VAL\":\"24\",\"TOTAL\":149,\"NILAI\":0.1610738255033557},\"MENJAHIT\":{\"VAL\":\"0\",\"TOTAL\":15,\"NILAI\":0},\"PROCESSING\":{\"VAL\":\"0\",\"TOTAL\":6,\"NILAI\":0},\"TEKNIK PENGELASAN\":{\"VAL\":\"0\",\"TOTAL\":8,\"NILAI\":0},\"KERAJINAN TAS PLASTIK\":{\"VAL\":\"0\",\"TOTAL\":2,\"NILAI\":0}},\"PENDIDIKAN\":{\"PPA\":{\"VAL\":\"59\",\"TOTAL\":146,\"NILAI\":0.4041095890410959},\"BBM\":{\"VAL\":\"53\",\"TOTAL\":149,\"NILAI\":0.35570469798657717},\"SUPERSEMAR\":{\"VAL\":\"10\",\"TOTAL\":15,\"NILAI\":0.6666666666666666},\"BI\":{\"VAL\":\"0\",\"TOTAL\":6,\"NILAI\":0},\"BRI\":{\"VAL\":\"0\",\"TOTAL\":8,\"NILAI\":0},\"BTN\":{\"VAL\":\"0\",\"TOTAL\":2,\"NILAI\":0}},\"JURUSAN\":{\"PPA\":{\"VAL\":\"58\",\"TOTAL\":146,\"NILAI\":0.3972602739726027},\"BBM\":{\"VAL\":\"76\",\"TOTAL\":149,\"NILAI\":0.5100671140939598},\"SUPERSEMAR\":{\"VAL\":\"8\",\"TOTAL\":15,\"NILAI\":0.5333333333333333},\"BI\":{\"VAL\":\"3\",\"TOTAL\":6,\"NILAI\":0.5},\"BRI\":{\"VAL\":\"4\",\"TOTAL\":8,\"NILAI\":0.5},\"BTN\":{\"VAL\":\"2\",\"TOTAL\":2,\"NILAI\":1}},\"STATUS\":{\"PPA\":{\"VAL\":\"2\",\"STDEV\":2.0353913769728766,\"MEAN\":1.697674418604651,\"NILAI\":0.27650813586411216},\"BBM\":{\"VAL\":\"0\",\"STDEV\":2.4370880338665106,\"MEAN\":1.7325581395348837,\"NILAI\":0.19844555360589494},\"SUPERSEMAR\":{\"VAL\":\"0\",\"STDEV\":0.41136388543238717,\"MEAN\":0.1744186046511628,\"NILAI\":0.5684229402018633},\"BI\":{\"VAL\":\"0\",\"STDEV\":0.25624885305538947,\"MEAN\":0.06976744186046512,\"NILAI\":0.7592679119414099},\"BRI\":{\"VAL\":\"0\",\"STDEV\":0.2921686449635951,\"MEAN\":0.09302325581395349,\"NILAI\":0.7014445379137965},\"BTN\":{\"VAL\":\"0\",\"STDEV\":0.1515988659003453,\"MEAN\":0.023255813953488372,\"NILAI\":1.0124291745224323}}}\r\n', 'BAHASA JEPANG');
INSERT INTO `rekomendasi` VALUES (8, '3521046205950001', '{\"JENIS KELAMIN\":{\"BAHASA JEPANG\":{\"VAL\":\"18\",\"TOTAL\":146,\"NILAI\":0.1232876712328767},\"OTOMOTIF RODA DUA\":{\"VAL\":\"24\",\"TOTAL\":149,\"NILAI\":0.1610738255033557},\"MENJAHIT\":{\"VAL\":\"0\",\"TOTAL\":15,\"NILAI\":0},\"PROCESSING\":{\"VAL\":\"0\",\"TOTAL\":6,\"NILAI\":0},\"TEKNIK PENGELASAN\":{\"VAL\":\"0\",\"TOTAL\":8,\"NILAI\":0},\"KERAJINAN TAS PLASTIK\":{\"VAL\":\"0\",\"TOTAL\":2,\"NILAI\":0}},\"PENDIDIKAN\":{\"PPA\":{\"VAL\":\"59\",\"TOTAL\":146,\"NILAI\":0.4041095890410959},\"BBM\":{\"VAL\":\"53\",\"TOTAL\":149,\"NILAI\":0.35570469798657717},\"SUPERSEMAR\":{\"VAL\":\"10\",\"TOTAL\":15,\"NILAI\":0.6666666666666666},\"BI\":{\"VAL\":\"0\",\"TOTAL\":6,\"NILAI\":0},\"BRI\":{\"VAL\":\"0\",\"TOTAL\":8,\"NILAI\":0},\"BTN\":{\"VAL\":\"0\",\"TOTAL\":2,\"NILAI\":0}},\"JURUSAN\":{\"PPA\":{\"VAL\":\"58\",\"TOTAL\":146,\"NILAI\":0.3972602739726027},\"BBM\":{\"VAL\":\"76\",\"TOTAL\":149,\"NILAI\":0.5100671140939598},\"SUPERSEMAR\":{\"VAL\":\"8\",\"TOTAL\":15,\"NILAI\":0.5333333333333333},\"BI\":{\"VAL\":\"3\",\"TOTAL\":6,\"NILAI\":0.5},\"BRI\":{\"VAL\":\"4\",\"TOTAL\":8,\"NILAI\":0.5},\"BTN\":{\"VAL\":\"2\",\"TOTAL\":2,\"NILAI\":1}},\"STATUS\":{\"PPA\":{\"VAL\":\"2\",\"STDEV\":2.0353913769728766,\"MEAN\":1.697674418604651,\"NILAI\":0.27650813586411216},\"BBM\":{\"VAL\":\"0\",\"STDEV\":2.4370880338665106,\"MEAN\":1.7325581395348837,\"NILAI\":0.19844555360589494},\"SUPERSEMAR\":{\"VAL\":\"0\",\"STDEV\":0.41136388543238717,\"MEAN\":0.1744186046511628,\"NILAI\":0.5684229402018633},\"BI\":{\"VAL\":\"0\",\"STDEV\":0.25624885305538947,\"MEAN\":0.06976744186046512,\"NILAI\":0.7592679119414099},\"BRI\":{\"VAL\":\"0\",\"STDEV\":0.2921686449635951,\"MEAN\":0.09302325581395349,\"NILAI\":0.7014445379137965},\"BTN\":{\"VAL\":\"0\",\"STDEV\":0.1515988659003453,\"MEAN\":0.023255813953488372,\"NILAI\":1.0124291745224323}}}\r\n', 'BAHASA JEPANG');
INSERT INTO `rekomendasi` VALUES (9, '3520095702040001', '{\"JENIS KELAMIN\":{\"BAHASA JEPANG\":{\"VAL\":\"18\",\"TOTAL\":146,\"NILAI\":0.1232876712328767},\"OTOMOTIF RODA DUA\":{\"VAL\":\"24\",\"TOTAL\":149,\"NILAI\":0.1610738255033557},\"MENJAHIT\":{\"VAL\":\"0\",\"TOTAL\":15,\"NILAI\":0},\"PROCESSING\":{\"VAL\":\"0\",\"TOTAL\":6,\"NILAI\":0},\"TEKNIK PENGELASAN\":{\"VAL\":\"0\",\"TOTAL\":8,\"NILAI\":0},\"KERAJINAN TAS PLASTIK\":{\"VAL\":\"0\",\"TOTAL\":2,\"NILAI\":0}},\"PENDIDIKAN\":{\"PPA\":{\"VAL\":\"59\",\"TOTAL\":146,\"NILAI\":0.4041095890410959},\"BBM\":{\"VAL\":\"53\",\"TOTAL\":149,\"NILAI\":0.35570469798657717},\"SUPERSEMAR\":{\"VAL\":\"10\",\"TOTAL\":15,\"NILAI\":0.6666666666666666},\"BI\":{\"VAL\":\"0\",\"TOTAL\":6,\"NILAI\":0},\"BRI\":{\"VAL\":\"0\",\"TOTAL\":8,\"NILAI\":0},\"BTN\":{\"VAL\":\"0\",\"TOTAL\":2,\"NILAI\":0}},\"JURUSAN\":{\"PPA\":{\"VAL\":\"58\",\"TOTAL\":146,\"NILAI\":0.3972602739726027},\"BBM\":{\"VAL\":\"76\",\"TOTAL\":149,\"NILAI\":0.5100671140939598},\"SUPERSEMAR\":{\"VAL\":\"8\",\"TOTAL\":15,\"NILAI\":0.5333333333333333},\"BI\":{\"VAL\":\"3\",\"TOTAL\":6,\"NILAI\":0.5},\"BRI\":{\"VAL\":\"4\",\"TOTAL\":8,\"NILAI\":0.5},\"BTN\":{\"VAL\":\"2\",\"TOTAL\":2,\"NILAI\":1}},\"STATUS\":{\"PPA\":{\"VAL\":\"2\",\"STDEV\":2.0353913769728766,\"MEAN\":1.697674418604651,\"NILAI\":0.27650813586411216},\"BBM\":{\"VAL\":\"0\",\"STDEV\":2.4370880338665106,\"MEAN\":1.7325581395348837,\"NILAI\":0.19844555360589494},\"SUPERSEMAR\":{\"VAL\":\"0\",\"STDEV\":0.41136388543238717,\"MEAN\":0.1744186046511628,\"NILAI\":0.5684229402018633},\"BI\":{\"VAL\":\"0\",\"STDEV\":0.25624885305538947,\"MEAN\":0.06976744186046512,\"NILAI\":0.7592679119414099},\"BRI\":{\"VAL\":\"0\",\"STDEV\":0.2921686449635951,\"MEAN\":0.09302325581395349,\"NILAI\":0.7014445379137965},\"BTN\":{\"VAL\":\"0\",\"STDEV\":0.1515988659003453,\"MEAN\":0.023255813953488372,\"NILAI\":1.0124291745224323}}}\r\n', 'BAHASA JEPANG');
INSERT INTO `rekomendasi` VALUES (10, '3520112710030001', '{\"JENIS KELAMIN\":{\"BAHASA JEPANG\":{\"VAL\":\"18\",\"TOTAL\":146,\"NILAI\":0.1232876712328767},\"OTOMOTIF RODA DUA\":{\"VAL\":\"24\",\"TOTAL\":149,\"NILAI\":0.1610738255033557},\"MENJAHIT\":{\"VAL\":\"0\",\"TOTAL\":15,\"NILAI\":0},\"PROCESSING\":{\"VAL\":\"0\",\"TOTAL\":6,\"NILAI\":0},\"TEKNIK PENGELASAN\":{\"VAL\":\"0\",\"TOTAL\":8,\"NILAI\":0},\"KERAJINAN TAS PLASTIK\":{\"VAL\":\"0\",\"TOTAL\":2,\"NILAI\":0}},\"PENDIDIKAN\":{\"PPA\":{\"VAL\":\"59\",\"TOTAL\":146,\"NILAI\":0.4041095890410959},\"BBM\":{\"VAL\":\"53\",\"TOTAL\":149,\"NILAI\":0.35570469798657717},\"SUPERSEMAR\":{\"VAL\":\"10\",\"TOTAL\":15,\"NILAI\":0.6666666666666666},\"BI\":{\"VAL\":\"0\",\"TOTAL\":6,\"NILAI\":0},\"BRI\":{\"VAL\":\"0\",\"TOTAL\":8,\"NILAI\":0},\"BTN\":{\"VAL\":\"0\",\"TOTAL\":2,\"NILAI\":0}},\"JURUSAN\":{\"PPA\":{\"VAL\":\"58\",\"TOTAL\":146,\"NILAI\":0.3972602739726027},\"BBM\":{\"VAL\":\"76\",\"TOTAL\":149,\"NILAI\":0.5100671140939598},\"SUPERSEMAR\":{\"VAL\":\"8\",\"TOTAL\":15,\"NILAI\":0.5333333333333333},\"BI\":{\"VAL\":\"3\",\"TOTAL\":6,\"NILAI\":0.5},\"BRI\":{\"VAL\":\"4\",\"TOTAL\":8,\"NILAI\":0.5},\"BTN\":{\"VAL\":\"2\",\"TOTAL\":2,\"NILAI\":1}},\"STATUS\":{\"PPA\":{\"VAL\":\"2\",\"STDEV\":2.0353913769728766,\"MEAN\":1.697674418604651,\"NILAI\":0.27650813586411216},\"BBM\":{\"VAL\":\"0\",\"STDEV\":2.4370880338665106,\"MEAN\":1.7325581395348837,\"NILAI\":0.19844555360589494},\"SUPERSEMAR\":{\"VAL\":\"0\",\"STDEV\":0.41136388543238717,\"MEAN\":0.1744186046511628,\"NILAI\":0.5684229402018633},\"BI\":{\"VAL\":\"0\",\"STDEV\":0.25624885305538947,\"MEAN\":0.06976744186046512,\"NILAI\":0.7592679119414099},\"BRI\":{\"VAL\":\"0\",\"STDEV\":0.2921686449635951,\"MEAN\":0.09302325581395349,\"NILAI\":0.7014445379137965},\"BTN\":{\"VAL\":\"0\",\"STDEV\":0.1515988659003453,\"MEAN\":0.023255813953488372,\"NILAI\":1.0124291745224323}}}\r\n', 'BAHASA JEPANG');
INSERT INTO `rekomendasi` VALUES (11, '3520042004020002', '{\"JENIS KELAMIN\":{\"BAHASA JEPANG\":{\"VAL\":\"18\",\"TOTAL\":146,\"NILAI\":0.1232876712328767},\"OTOMOTIF RODA DUA\":{\"VAL\":\"24\",\"TOTAL\":149,\"NILAI\":0.1610738255033557},\"MENJAHIT\":{\"VAL\":\"0\",\"TOTAL\":15,\"NILAI\":0},\"PROCESSING\":{\"VAL\":\"0\",\"TOTAL\":6,\"NILAI\":0},\"TEKNIK PENGELASAN\":{\"VAL\":\"0\",\"TOTAL\":8,\"NILAI\":0},\"KERAJINAN TAS PLASTIK\":{\"VAL\":\"0\",\"TOTAL\":2,\"NILAI\":0}},\"PENDIDIKAN\":{\"PPA\":{\"VAL\":\"59\",\"TOTAL\":146,\"NILAI\":0.4041095890410959},\"BBM\":{\"VAL\":\"53\",\"TOTAL\":149,\"NILAI\":0.35570469798657717},\"SUPERSEMAR\":{\"VAL\":\"10\",\"TOTAL\":15,\"NILAI\":0.6666666666666666},\"BI\":{\"VAL\":\"0\",\"TOTAL\":6,\"NILAI\":0},\"BRI\":{\"VAL\":\"0\",\"TOTAL\":8,\"NILAI\":0},\"BTN\":{\"VAL\":\"0\",\"TOTAL\":2,\"NILAI\":0}},\"JURUSAN\":{\"PPA\":{\"VAL\":\"58\",\"TOTAL\":146,\"NILAI\":0.3972602739726027},\"BBM\":{\"VAL\":\"76\",\"TOTAL\":149,\"NILAI\":0.5100671140939598},\"SUPERSEMAR\":{\"VAL\":\"8\",\"TOTAL\":15,\"NILAI\":0.5333333333333333},\"BI\":{\"VAL\":\"3\",\"TOTAL\":6,\"NILAI\":0.5},\"BRI\":{\"VAL\":\"4\",\"TOTAL\":8,\"NILAI\":0.5},\"BTN\":{\"VAL\":\"2\",\"TOTAL\":2,\"NILAI\":1}},\"STATUS\":{\"PPA\":{\"VAL\":\"2\",\"STDEV\":2.0353913769728766,\"MEAN\":1.697674418604651,\"NILAI\":0.27650813586411216},\"BBM\":{\"VAL\":\"0\",\"STDEV\":2.4370880338665106,\"MEAN\":1.7325581395348837,\"NILAI\":0.19844555360589494},\"SUPERSEMAR\":{\"VAL\":\"0\",\"STDEV\":0.41136388543238717,\"MEAN\":0.1744186046511628,\"NILAI\":0.5684229402018633},\"BI\":{\"VAL\":\"0\",\"STDEV\":0.25624885305538947,\"MEAN\":0.06976744186046512,\"NILAI\":0.7592679119414099},\"BRI\":{\"VAL\":\"0\",\"STDEV\":0.2921686449635951,\"MEAN\":0.09302325581395349,\"NILAI\":0.7014445379137965},\"BTN\":{\"VAL\":\"0\",\"STDEV\":0.1515988659003453,\"MEAN\":0.023255813953488372,\"NILAI\":1.0124291745224323}}}\r\n', 'BAHASA JEPANG');
INSERT INTO `rekomendasi` VALUES (12, '3520181803970003', '{\"JENIS KELAMIN\":{\"BAHASA JEPANG\":{\"VAL\":\"18\",\"TOTAL\":146,\"NILAI\":0.1232876712328767},\"OTOMOTIF RODA DUA\":{\"VAL\":\"24\",\"TOTAL\":149,\"NILAI\":0.1610738255033557},\"MENJAHIT\":{\"VAL\":\"0\",\"TOTAL\":15,\"NILAI\":0},\"PROCESSING\":{\"VAL\":\"0\",\"TOTAL\":6,\"NILAI\":0},\"TEKNIK PENGELASAN\":{\"VAL\":\"0\",\"TOTAL\":8,\"NILAI\":0},\"KERAJINAN TAS PLASTIK\":{\"VAL\":\"0\",\"TOTAL\":2,\"NILAI\":0}},\"PENDIDIKAN\":{\"PPA\":{\"VAL\":\"59\",\"TOTAL\":146,\"NILAI\":0.4041095890410959},\"BBM\":{\"VAL\":\"53\",\"TOTAL\":149,\"NILAI\":0.35570469798657717},\"SUPERSEMAR\":{\"VAL\":\"10\",\"TOTAL\":15,\"NILAI\":0.6666666666666666},\"BI\":{\"VAL\":\"0\",\"TOTAL\":6,\"NILAI\":0},\"BRI\":{\"VAL\":\"0\",\"TOTAL\":8,\"NILAI\":0},\"BTN\":{\"VAL\":\"0\",\"TOTAL\":2,\"NILAI\":0}},\"JURUSAN\":{\"PPA\":{\"VAL\":\"58\",\"TOTAL\":146,\"NILAI\":0.3972602739726027},\"BBM\":{\"VAL\":\"76\",\"TOTAL\":149,\"NILAI\":0.5100671140939598},\"SUPERSEMAR\":{\"VAL\":\"8\",\"TOTAL\":15,\"NILAI\":0.5333333333333333},\"BI\":{\"VAL\":\"3\",\"TOTAL\":6,\"NILAI\":0.5},\"BRI\":{\"VAL\":\"4\",\"TOTAL\":8,\"NILAI\":0.5},\"BTN\":{\"VAL\":\"2\",\"TOTAL\":2,\"NILAI\":1}},\"STATUS\":{\"PPA\":{\"VAL\":\"2\",\"STDEV\":2.0353913769728766,\"MEAN\":1.697674418604651,\"NILAI\":0.27650813586411216},\"BBM\":{\"VAL\":\"0\",\"STDEV\":2.4370880338665106,\"MEAN\":1.7325581395348837,\"NILAI\":0.19844555360589494},\"SUPERSEMAR\":{\"VAL\":\"0\",\"STDEV\":0.41136388543238717,\"MEAN\":0.1744186046511628,\"NILAI\":0.5684229402018633},\"BI\":{\"VAL\":\"0\",\"STDEV\":0.25624885305538947,\"MEAN\":0.06976744186046512,\"NILAI\":0.7592679119414099},\"BRI\":{\"VAL\":\"0\",\"STDEV\":0.2921686449635951,\"MEAN\":0.09302325581395349,\"NILAI\":0.7014445379137965},\"BTN\":{\"VAL\":\"0\",\"STDEV\":0.1515988659003453,\"MEAN\":0.023255813953488372,\"NILAI\":1.0124291745224323}}}\r\n', 'BAHASA JEPANG');
INSERT INTO `rekomendasi` VALUES (13, '3520072803920001', '{\"JENIS KELAMIN\":{\"BAHASA JEPANG\":{\"VAL\":\"18\",\"TOTAL\":146,\"NILAI\":0.1232876712328767},\"OTOMOTIF RODA DUA\":{\"VAL\":\"24\",\"TOTAL\":149,\"NILAI\":0.1610738255033557},\"MENJAHIT\":{\"VAL\":\"0\",\"TOTAL\":15,\"NILAI\":0},\"PROCESSING\":{\"VAL\":\"0\",\"TOTAL\":6,\"NILAI\":0},\"TEKNIK PENGELASAN\":{\"VAL\":\"0\",\"TOTAL\":8,\"NILAI\":0},\"KERAJINAN TAS PLASTIK\":{\"VAL\":\"0\",\"TOTAL\":2,\"NILAI\":0}},\"PENDIDIKAN\":{\"PPA\":{\"VAL\":\"59\",\"TOTAL\":146,\"NILAI\":0.4041095890410959},\"BBM\":{\"VAL\":\"53\",\"TOTAL\":149,\"NILAI\":0.35570469798657717},\"SUPERSEMAR\":{\"VAL\":\"10\",\"TOTAL\":15,\"NILAI\":0.6666666666666666},\"BI\":{\"VAL\":\"0\",\"TOTAL\":6,\"NILAI\":0},\"BRI\":{\"VAL\":\"0\",\"TOTAL\":8,\"NILAI\":0},\"BTN\":{\"VAL\":\"0\",\"TOTAL\":2,\"NILAI\":0}},\"JURUSAN\":{\"PPA\":{\"VAL\":\"58\",\"TOTAL\":146,\"NILAI\":0.3972602739726027},\"BBM\":{\"VAL\":\"76\",\"TOTAL\":149,\"NILAI\":0.5100671140939598},\"SUPERSEMAR\":{\"VAL\":\"8\",\"TOTAL\":15,\"NILAI\":0.5333333333333333},\"BI\":{\"VAL\":\"3\",\"TOTAL\":6,\"NILAI\":0.5},\"BRI\":{\"VAL\":\"4\",\"TOTAL\":8,\"NILAI\":0.5},\"BTN\":{\"VAL\":\"2\",\"TOTAL\":2,\"NILAI\":1}},\"STATUS\":{\"PPA\":{\"VAL\":\"2\",\"STDEV\":2.0353913769728766,\"MEAN\":1.697674418604651,\"NILAI\":0.27650813586411216},\"BBM\":{\"VAL\":\"0\",\"STDEV\":2.4370880338665106,\"MEAN\":1.7325581395348837,\"NILAI\":0.19844555360589494},\"SUPERSEMAR\":{\"VAL\":\"0\",\"STDEV\":0.41136388543238717,\"MEAN\":0.1744186046511628,\"NILAI\":0.5684229402018633},\"BI\":{\"VAL\":\"0\",\"STDEV\":0.25624885305538947,\"MEAN\":0.06976744186046512,\"NILAI\":0.7592679119414099},\"BRI\":{\"VAL\":\"0\",\"STDEV\":0.2921686449635951,\"MEAN\":0.09302325581395349,\"NILAI\":0.7014445379137965},\"BTN\":{\"VAL\":\"0\",\"STDEV\":0.1515988659003453,\"MEAN\":0.023255813953488372,\"NILAI\":1.0124291745224323}}}\r\n', 'BAHASA JEPANG');
INSERT INTO `rekomendasi` VALUES (14, '3502204605940001', '{\"JENIS KELAMIN\":{\"BAHASA JEPANG\":{\"VAL\":\"18\",\"TOTAL\":146,\"NILAI\":0.1232876712328767},\"OTOMOTIF RODA DUA\":{\"VAL\":\"24\",\"TOTAL\":149,\"NILAI\":0.1610738255033557},\"MENJAHIT\":{\"VAL\":\"0\",\"TOTAL\":15,\"NILAI\":0},\"PROCESSING\":{\"VAL\":\"0\",\"TOTAL\":6,\"NILAI\":0},\"TEKNIK PENGELASAN\":{\"VAL\":\"0\",\"TOTAL\":8,\"NILAI\":0},\"KERAJINAN TAS PLASTIK\":{\"VAL\":\"0\",\"TOTAL\":2,\"NILAI\":0}},\"PENDIDIKAN\":{\"PPA\":{\"VAL\":\"59\",\"TOTAL\":146,\"NILAI\":0.4041095890410959},\"BBM\":{\"VAL\":\"53\",\"TOTAL\":149,\"NILAI\":0.35570469798657717},\"SUPERSEMAR\":{\"VAL\":\"10\",\"TOTAL\":15,\"NILAI\":0.6666666666666666},\"BI\":{\"VAL\":\"0\",\"TOTAL\":6,\"NILAI\":0},\"BRI\":{\"VAL\":\"0\",\"TOTAL\":8,\"NILAI\":0},\"BTN\":{\"VAL\":\"0\",\"TOTAL\":2,\"NILAI\":0}},\"JURUSAN\":{\"PPA\":{\"VAL\":\"58\",\"TOTAL\":146,\"NILAI\":0.3972602739726027},\"BBM\":{\"VAL\":\"76\",\"TOTAL\":149,\"NILAI\":0.5100671140939598},\"SUPERSEMAR\":{\"VAL\":\"8\",\"TOTAL\":15,\"NILAI\":0.5333333333333333},\"BI\":{\"VAL\":\"3\",\"TOTAL\":6,\"NILAI\":0.5},\"BRI\":{\"VAL\":\"4\",\"TOTAL\":8,\"NILAI\":0.5},\"BTN\":{\"VAL\":\"2\",\"TOTAL\":2,\"NILAI\":1}},\"STATUS\":{\"PPA\":{\"VAL\":\"2\",\"STDEV\":2.0353913769728766,\"MEAN\":1.697674418604651,\"NILAI\":0.27650813586411216},\"BBM\":{\"VAL\":\"0\",\"STDEV\":2.4370880338665106,\"MEAN\":1.7325581395348837,\"NILAI\":0.19844555360589494},\"SUPERSEMAR\":{\"VAL\":\"0\",\"STDEV\":0.41136388543238717,\"MEAN\":0.1744186046511628,\"NILAI\":0.5684229402018633},\"BI\":{\"VAL\":\"0\",\"STDEV\":0.25624885305538947,\"MEAN\":0.06976744186046512,\"NILAI\":0.7592679119414099},\"BRI\":{\"VAL\":\"0\",\"STDEV\":0.2921686449635951,\"MEAN\":0.09302325581395349,\"NILAI\":0.7014445379137965},\"BTN\":{\"VAL\":\"0\",\"STDEV\":0.1515988659003453,\"MEAN\":0.023255813953488372,\"NILAI\":1.0124291745224323}}}\r\n', 'BAHASA JEPANG');
INSERT INTO `rekomendasi` VALUES (15, '3520033012910003', '{\"JENIS KELAMIN\":{\"BAHASA JEPANG\":{\"VAL\":\"18\",\"TOTAL\":146,\"NILAI\":0.1232876712328767},\"OTOMOTIF RODA DUA\":{\"VAL\":\"24\",\"TOTAL\":149,\"NILAI\":0.1610738255033557},\"MENJAHIT\":{\"VAL\":\"0\",\"TOTAL\":15,\"NILAI\":0},\"PROCESSING\":{\"VAL\":\"0\",\"TOTAL\":6,\"NILAI\":0},\"TEKNIK PENGELASAN\":{\"VAL\":\"0\",\"TOTAL\":8,\"NILAI\":0},\"KERAJINAN TAS PLASTIK\":{\"VAL\":\"0\",\"TOTAL\":2,\"NILAI\":0}},\"PENDIDIKAN\":{\"PPA\":{\"VAL\":\"59\",\"TOTAL\":146,\"NILAI\":0.4041095890410959},\"BBM\":{\"VAL\":\"53\",\"TOTAL\":149,\"NILAI\":0.35570469798657717},\"SUPERSEMAR\":{\"VAL\":\"10\",\"TOTAL\":15,\"NILAI\":0.6666666666666666},\"BI\":{\"VAL\":\"0\",\"TOTAL\":6,\"NILAI\":0},\"BRI\":{\"VAL\":\"0\",\"TOTAL\":8,\"NILAI\":0},\"BTN\":{\"VAL\":\"0\",\"TOTAL\":2,\"NILAI\":0}},\"JURUSAN\":{\"PPA\":{\"VAL\":\"58\",\"TOTAL\":146,\"NILAI\":0.3972602739726027},\"BBM\":{\"VAL\":\"76\",\"TOTAL\":149,\"NILAI\":0.5100671140939598},\"SUPERSEMAR\":{\"VAL\":\"8\",\"TOTAL\":15,\"NILAI\":0.5333333333333333},\"BI\":{\"VAL\":\"3\",\"TOTAL\":6,\"NILAI\":0.5},\"BRI\":{\"VAL\":\"4\",\"TOTAL\":8,\"NILAI\":0.5},\"BTN\":{\"VAL\":\"2\",\"TOTAL\":2,\"NILAI\":1}},\"STATUS\":{\"PPA\":{\"VAL\":\"2\",\"STDEV\":2.0353913769728766,\"MEAN\":1.697674418604651,\"NILAI\":0.27650813586411216},\"BBM\":{\"VAL\":\"0\",\"STDEV\":2.4370880338665106,\"MEAN\":1.7325581395348837,\"NILAI\":0.19844555360589494},\"SUPERSEMAR\":{\"VAL\":\"0\",\"STDEV\":0.41136388543238717,\"MEAN\":0.1744186046511628,\"NILAI\":0.5684229402018633},\"BI\":{\"VAL\":\"0\",\"STDEV\":0.25624885305538947,\"MEAN\":0.06976744186046512,\"NILAI\":0.7592679119414099},\"BRI\":{\"VAL\":\"0\",\"STDEV\":0.2921686449635951,\"MEAN\":0.09302325581395349,\"NILAI\":0.7014445379137965},\"BTN\":{\"VAL\":\"0\",\"STDEV\":0.1515988659003453,\"MEAN\":0.023255813953488372,\"NILAI\":1.0124291745224323}}}\r\n', 'BAHASA JEPANG');
INSERT INTO `rekomendasi` VALUES (16, '1503076301990001', '{\"JENIS KELAMIN\":{\"BAHASA JEPANG\":{\"VAL\":\"18\",\"TOTAL\":146,\"NILAI\":0.1232876712328767},\"OTOMOTIF RODA DUA\":{\"VAL\":\"24\",\"TOTAL\":149,\"NILAI\":0.1610738255033557},\"MENJAHIT\":{\"VAL\":\"0\",\"TOTAL\":15,\"NILAI\":0},\"PROCESSING\":{\"VAL\":\"0\",\"TOTAL\":6,\"NILAI\":0},\"TEKNIK PENGELASAN\":{\"VAL\":\"0\",\"TOTAL\":8,\"NILAI\":0},\"KERAJINAN TAS PLASTIK\":{\"VAL\":\"0\",\"TOTAL\":2,\"NILAI\":0}},\"PENDIDIKAN\":{\"PPA\":{\"VAL\":\"59\",\"TOTAL\":146,\"NILAI\":0.4041095890410959},\"BBM\":{\"VAL\":\"53\",\"TOTAL\":149,\"NILAI\":0.35570469798657717},\"SUPERSEMAR\":{\"VAL\":\"10\",\"TOTAL\":15,\"NILAI\":0.6666666666666666},\"BI\":{\"VAL\":\"0\",\"TOTAL\":6,\"NILAI\":0},\"BRI\":{\"VAL\":\"0\",\"TOTAL\":8,\"NILAI\":0},\"BTN\":{\"VAL\":\"0\",\"TOTAL\":2,\"NILAI\":0}},\"JURUSAN\":{\"PPA\":{\"VAL\":\"58\",\"TOTAL\":146,\"NILAI\":0.3972602739726027},\"BBM\":{\"VAL\":\"76\",\"TOTAL\":149,\"NILAI\":0.5100671140939598},\"SUPERSEMAR\":{\"VAL\":\"8\",\"TOTAL\":15,\"NILAI\":0.5333333333333333},\"BI\":{\"VAL\":\"3\",\"TOTAL\":6,\"NILAI\":0.5},\"BRI\":{\"VAL\":\"4\",\"TOTAL\":8,\"NILAI\":0.5},\"BTN\":{\"VAL\":\"2\",\"TOTAL\":2,\"NILAI\":1}},\"STATUS\":{\"PPA\":{\"VAL\":\"2\",\"STDEV\":2.0353913769728766,\"MEAN\":1.697674418604651,\"NILAI\":0.27650813586411216},\"BBM\":{\"VAL\":\"0\",\"STDEV\":2.4370880338665106,\"MEAN\":1.7325581395348837,\"NILAI\":0.19844555360589494},\"SUPERSEMAR\":{\"VAL\":\"0\",\"STDEV\":0.41136388543238717,\"MEAN\":0.1744186046511628,\"NILAI\":0.5684229402018633},\"BI\":{\"VAL\":\"0\",\"STDEV\":0.25624885305538947,\"MEAN\":0.06976744186046512,\"NILAI\":0.7592679119414099},\"BRI\":{\"VAL\":\"0\",\"STDEV\":0.2921686449635951,\"MEAN\":0.09302325581395349,\"NILAI\":0.7014445379137965},\"BTN\":{\"VAL\":\"0\",\"STDEV\":0.1515988659003453,\"MEAN\":0.023255813953488372,\"NILAI\":1.0124291745224323}}}\r\n', 'BAHASA JEPANG');
INSERT INTO `rekomendasi` VALUES (17, '3520131710990002', '{\"JENIS KELAMIN\":{\"BAHASA JEPANG\":{\"VAL\":\"18\",\"TOTAL\":146,\"NILAI\":0.1232876712328767},\"OTOMOTIF RODA DUA\":{\"VAL\":\"24\",\"TOTAL\":149,\"NILAI\":0.1610738255033557},\"MENJAHIT\":{\"VAL\":\"0\",\"TOTAL\":15,\"NILAI\":0},\"PROCESSING\":{\"VAL\":\"0\",\"TOTAL\":6,\"NILAI\":0},\"TEKNIK PENGELASAN\":{\"VAL\":\"0\",\"TOTAL\":8,\"NILAI\":0},\"KERAJINAN TAS PLASTIK\":{\"VAL\":\"0\",\"TOTAL\":2,\"NILAI\":0}},\"PENDIDIKAN\":{\"PPA\":{\"VAL\":\"59\",\"TOTAL\":146,\"NILAI\":0.4041095890410959},\"BBM\":{\"VAL\":\"53\",\"TOTAL\":149,\"NILAI\":0.35570469798657717},\"SUPERSEMAR\":{\"VAL\":\"10\",\"TOTAL\":15,\"NILAI\":0.6666666666666666},\"BI\":{\"VAL\":\"0\",\"TOTAL\":6,\"NILAI\":0},\"BRI\":{\"VAL\":\"0\",\"TOTAL\":8,\"NILAI\":0},\"BTN\":{\"VAL\":\"0\",\"TOTAL\":2,\"NILAI\":0}},\"JURUSAN\":{\"PPA\":{\"VAL\":\"58\",\"TOTAL\":146,\"NILAI\":0.3972602739726027},\"BBM\":{\"VAL\":\"76\",\"TOTAL\":149,\"NILAI\":0.5100671140939598},\"SUPERSEMAR\":{\"VAL\":\"8\",\"TOTAL\":15,\"NILAI\":0.5333333333333333},\"BI\":{\"VAL\":\"3\",\"TOTAL\":6,\"NILAI\":0.5},\"BRI\":{\"VAL\":\"4\",\"TOTAL\":8,\"NILAI\":0.5},\"BTN\":{\"VAL\":\"2\",\"TOTAL\":2,\"NILAI\":1}},\"STATUS\":{\"PPA\":{\"VAL\":\"2\",\"STDEV\":2.0353913769728766,\"MEAN\":1.697674418604651,\"NILAI\":0.27650813586411216},\"BBM\":{\"VAL\":\"0\",\"STDEV\":2.4370880338665106,\"MEAN\":1.7325581395348837,\"NILAI\":0.19844555360589494},\"SUPERSEMAR\":{\"VAL\":\"0\",\"STDEV\":0.41136388543238717,\"MEAN\":0.1744186046511628,\"NILAI\":0.5684229402018633},\"BI\":{\"VAL\":\"0\",\"STDEV\":0.25624885305538947,\"MEAN\":0.06976744186046512,\"NILAI\":0.7592679119414099},\"BRI\":{\"VAL\":\"0\",\"STDEV\":0.2921686449635951,\"MEAN\":0.09302325581395349,\"NILAI\":0.7014445379137965},\"BTN\":{\"VAL\":\"0\",\"STDEV\":0.1515988659003453,\"MEAN\":0.023255813953488372,\"NILAI\":1.0124291745224323}}}\r\n', 'BAHASA JEPANG');
INSERT INTO `rekomendasi` VALUES (18, '3520051907020001', '{\"JENIS KELAMIN\":{\"BAHASA JEPANG\":{\"VAL\":\"18\",\"TOTAL\":146,\"NILAI\":0.1232876712328767},\"OTOMOTIF RODA DUA\":{\"VAL\":\"24\",\"TOTAL\":149,\"NILAI\":0.1610738255033557},\"MENJAHIT\":{\"VAL\":\"0\",\"TOTAL\":15,\"NILAI\":0},\"PROCESSING\":{\"VAL\":\"0\",\"TOTAL\":6,\"NILAI\":0},\"TEKNIK PENGELASAN\":{\"VAL\":\"0\",\"TOTAL\":8,\"NILAI\":0},\"KERAJINAN TAS PLASTIK\":{\"VAL\":\"0\",\"TOTAL\":2,\"NILAI\":0}},\"PENDIDIKAN\":{\"PPA\":{\"VAL\":\"59\",\"TOTAL\":146,\"NILAI\":0.4041095890410959},\"BBM\":{\"VAL\":\"53\",\"TOTAL\":149,\"NILAI\":0.35570469798657717},\"SUPERSEMAR\":{\"VAL\":\"10\",\"TOTAL\":15,\"NILAI\":0.6666666666666666},\"BI\":{\"VAL\":\"0\",\"TOTAL\":6,\"NILAI\":0},\"BRI\":{\"VAL\":\"0\",\"TOTAL\":8,\"NILAI\":0},\"BTN\":{\"VAL\":\"0\",\"TOTAL\":2,\"NILAI\":0}},\"JURUSAN\":{\"PPA\":{\"VAL\":\"58\",\"TOTAL\":146,\"NILAI\":0.3972602739726027},\"BBM\":{\"VAL\":\"76\",\"TOTAL\":149,\"NILAI\":0.5100671140939598},\"SUPERSEMAR\":{\"VAL\":\"8\",\"TOTAL\":15,\"NILAI\":0.5333333333333333},\"BI\":{\"VAL\":\"3\",\"TOTAL\":6,\"NILAI\":0.5},\"BRI\":{\"VAL\":\"4\",\"TOTAL\":8,\"NILAI\":0.5},\"BTN\":{\"VAL\":\"2\",\"TOTAL\":2,\"NILAI\":1}},\"STATUS\":{\"PPA\":{\"VAL\":\"2\",\"STDEV\":2.0353913769728766,\"MEAN\":1.697674418604651,\"NILAI\":0.27650813586411216},\"BBM\":{\"VAL\":\"0\",\"STDEV\":2.4370880338665106,\"MEAN\":1.7325581395348837,\"NILAI\":0.19844555360589494},\"SUPERSEMAR\":{\"VAL\":\"0\",\"STDEV\":0.41136388543238717,\"MEAN\":0.1744186046511628,\"NILAI\":0.5684229402018633},\"BI\":{\"VAL\":\"0\",\"STDEV\":0.25624885305538947,\"MEAN\":0.06976744186046512,\"NILAI\":0.7592679119414099},\"BRI\":{\"VAL\":\"0\",\"STDEV\":0.2921686449635951,\"MEAN\":0.09302325581395349,\"NILAI\":0.7014445379137965},\"BTN\":{\"VAL\":\"0\",\"STDEV\":0.1515988659003453,\"MEAN\":0.023255813953488372,\"NILAI\":1.0124291745224323}}}\r\n', 'BAHASA JEPANG');
INSERT INTO `rekomendasi` VALUES (19, '3520110202030001', '{\"JENIS KELAMIN\":{\"BAHASA JEPANG\":{\"VAL\":\"18\",\"TOTAL\":146,\"NILAI\":0.1232876712328767},\"OTOMOTIF RODA DUA\":{\"VAL\":\"24\",\"TOTAL\":149,\"NILAI\":0.1610738255033557},\"MENJAHIT\":{\"VAL\":\"0\",\"TOTAL\":15,\"NILAI\":0},\"PROCESSING\":{\"VAL\":\"0\",\"TOTAL\":6,\"NILAI\":0},\"TEKNIK PENGELASAN\":{\"VAL\":\"0\",\"TOTAL\":8,\"NILAI\":0},\"KERAJINAN TAS PLASTIK\":{\"VAL\":\"0\",\"TOTAL\":2,\"NILAI\":0}},\"PENDIDIKAN\":{\"PPA\":{\"VAL\":\"59\",\"TOTAL\":146,\"NILAI\":0.4041095890410959},\"BBM\":{\"VAL\":\"53\",\"TOTAL\":149,\"NILAI\":0.35570469798657717},\"SUPERSEMAR\":{\"VAL\":\"10\",\"TOTAL\":15,\"NILAI\":0.6666666666666666},\"BI\":{\"VAL\":\"0\",\"TOTAL\":6,\"NILAI\":0},\"BRI\":{\"VAL\":\"0\",\"TOTAL\":8,\"NILAI\":0},\"BTN\":{\"VAL\":\"0\",\"TOTAL\":2,\"NILAI\":0}},\"JURUSAN\":{\"PPA\":{\"VAL\":\"58\",\"TOTAL\":146,\"NILAI\":0.3972602739726027},\"BBM\":{\"VAL\":\"76\",\"TOTAL\":149,\"NILAI\":0.5100671140939598},\"SUPERSEMAR\":{\"VAL\":\"8\",\"TOTAL\":15,\"NILAI\":0.5333333333333333},\"BI\":{\"VAL\":\"3\",\"TOTAL\":6,\"NILAI\":0.5},\"BRI\":{\"VAL\":\"4\",\"TOTAL\":8,\"NILAI\":0.5},\"BTN\":{\"VAL\":\"2\",\"TOTAL\":2,\"NILAI\":1}},\"STATUS\":{\"PPA\":{\"VAL\":\"2\",\"STDEV\":2.0353913769728766,\"MEAN\":1.697674418604651,\"NILAI\":0.27650813586411216},\"BBM\":{\"VAL\":\"0\",\"STDEV\":2.4370880338665106,\"MEAN\":1.7325581395348837,\"NILAI\":0.19844555360589494},\"SUPERSEMAR\":{\"VAL\":\"0\",\"STDEV\":0.41136388543238717,\"MEAN\":0.1744186046511628,\"NILAI\":0.5684229402018633},\"BI\":{\"VAL\":\"0\",\"STDEV\":0.25624885305538947,\"MEAN\":0.06976744186046512,\"NILAI\":0.7592679119414099},\"BRI\":{\"VAL\":\"0\",\"STDEV\":0.2921686449635951,\"MEAN\":0.09302325581395349,\"NILAI\":0.7014445379137965},\"BTN\":{\"VAL\":\"0\",\"STDEV\":0.1515988659003453,\"MEAN\":0.023255813953488372,\"NILAI\":1.0124291745224323}}}\r\n', 'BAHASA JEPANG');
INSERT INTO `rekomendasi` VALUES (20, '3520170308000001', '{\"JENIS KELAMIN\":{\"BAHASA JEPANG\":{\"VAL\":\"18\",\"TOTAL\":146,\"NILAI\":0.1232876712328767},\"OTOMOTIF RODA DUA\":{\"VAL\":\"24\",\"TOTAL\":149,\"NILAI\":0.1610738255033557},\"MENJAHIT\":{\"VAL\":\"0\",\"TOTAL\":15,\"NILAI\":0},\"PROCESSING\":{\"VAL\":\"0\",\"TOTAL\":6,\"NILAI\":0},\"TEKNIK PENGELASAN\":{\"VAL\":\"0\",\"TOTAL\":8,\"NILAI\":0},\"KERAJINAN TAS PLASTIK\":{\"VAL\":\"0\",\"TOTAL\":2,\"NILAI\":0}},\"PENDIDIKAN\":{\"PPA\":{\"VAL\":\"59\",\"TOTAL\":146,\"NILAI\":0.4041095890410959},\"BBM\":{\"VAL\":\"53\",\"TOTAL\":149,\"NILAI\":0.35570469798657717},\"SUPERSEMAR\":{\"VAL\":\"10\",\"TOTAL\":15,\"NILAI\":0.6666666666666666},\"BI\":{\"VAL\":\"0\",\"TOTAL\":6,\"NILAI\":0},\"BRI\":{\"VAL\":\"0\",\"TOTAL\":8,\"NILAI\":0},\"BTN\":{\"VAL\":\"0\",\"TOTAL\":2,\"NILAI\":0}},\"JURUSAN\":{\"PPA\":{\"VAL\":\"58\",\"TOTAL\":146,\"NILAI\":0.3972602739726027},\"BBM\":{\"VAL\":\"76\",\"TOTAL\":149,\"NILAI\":0.5100671140939598},\"SUPERSEMAR\":{\"VAL\":\"8\",\"TOTAL\":15,\"NILAI\":0.5333333333333333},\"BI\":{\"VAL\":\"3\",\"TOTAL\":6,\"NILAI\":0.5},\"BRI\":{\"VAL\":\"4\",\"TOTAL\":8,\"NILAI\":0.5},\"BTN\":{\"VAL\":\"2\",\"TOTAL\":2,\"NILAI\":1}},\"STATUS\":{\"PPA\":{\"VAL\":\"2\",\"STDEV\":2.0353913769728766,\"MEAN\":1.697674418604651,\"NILAI\":0.27650813586411216},\"BBM\":{\"VAL\":\"0\",\"STDEV\":2.4370880338665106,\"MEAN\":1.7325581395348837,\"NILAI\":0.19844555360589494},\"SUPERSEMAR\":{\"VAL\":\"0\",\"STDEV\":0.41136388543238717,\"MEAN\":0.1744186046511628,\"NILAI\":0.5684229402018633},\"BI\":{\"VAL\":\"0\",\"STDEV\":0.25624885305538947,\"MEAN\":0.06976744186046512,\"NILAI\":0.7592679119414099},\"BRI\":{\"VAL\":\"0\",\"STDEV\":0.2921686449635951,\"MEAN\":0.09302325581395349,\"NILAI\":0.7014445379137965},\"BTN\":{\"VAL\":\"0\",\"STDEV\":0.1515988659003453,\"MEAN\":0.023255813953488372,\"NILAI\":1.0124291745224323}}}\r\n', 'BAHASA JEPANG');
INSERT INTO `rekomendasi` VALUES (21, '3520141203010001', '{\"JENIS KELAMIN\":{\"BAHASA JEPANG\":{\"VAL\":\"18\",\"TOTAL\":146,\"NILAI\":0.1232876712328767},\"OTOMOTIF RODA DUA\":{\"VAL\":\"24\",\"TOTAL\":149,\"NILAI\":0.1610738255033557},\"MENJAHIT\":{\"VAL\":\"0\",\"TOTAL\":15,\"NILAI\":0},\"PROCESSING\":{\"VAL\":\"0\",\"TOTAL\":6,\"NILAI\":0},\"TEKNIK PENGELASAN\":{\"VAL\":\"0\",\"TOTAL\":8,\"NILAI\":0},\"KERAJINAN TAS PLASTIK\":{\"VAL\":\"0\",\"TOTAL\":2,\"NILAI\":0}},\"PENDIDIKAN\":{\"PPA\":{\"VAL\":\"59\",\"TOTAL\":146,\"NILAI\":0.4041095890410959},\"BBM\":{\"VAL\":\"53\",\"TOTAL\":149,\"NILAI\":0.35570469798657717},\"SUPERSEMAR\":{\"VAL\":\"10\",\"TOTAL\":15,\"NILAI\":0.6666666666666666},\"BI\":{\"VAL\":\"0\",\"TOTAL\":6,\"NILAI\":0},\"BRI\":{\"VAL\":\"0\",\"TOTAL\":8,\"NILAI\":0},\"BTN\":{\"VAL\":\"0\",\"TOTAL\":2,\"NILAI\":0}},\"JURUSAN\":{\"PPA\":{\"VAL\":\"58\",\"TOTAL\":146,\"NILAI\":0.3972602739726027},\"BBM\":{\"VAL\":\"76\",\"TOTAL\":149,\"NILAI\":0.5100671140939598},\"SUPERSEMAR\":{\"VAL\":\"8\",\"TOTAL\":15,\"NILAI\":0.5333333333333333},\"BI\":{\"VAL\":\"3\",\"TOTAL\":6,\"NILAI\":0.5},\"BRI\":{\"VAL\":\"4\",\"TOTAL\":8,\"NILAI\":0.5},\"BTN\":{\"VAL\":\"2\",\"TOTAL\":2,\"NILAI\":1}},\"STATUS\":{\"PPA\":{\"VAL\":\"2\",\"STDEV\":2.0353913769728766,\"MEAN\":1.697674418604651,\"NILAI\":0.27650813586411216},\"BBM\":{\"VAL\":\"0\",\"STDEV\":2.4370880338665106,\"MEAN\":1.7325581395348837,\"NILAI\":0.19844555360589494},\"SUPERSEMAR\":{\"VAL\":\"0\",\"STDEV\":0.41136388543238717,\"MEAN\":0.1744186046511628,\"NILAI\":0.5684229402018633},\"BI\":{\"VAL\":\"0\",\"STDEV\":0.25624885305538947,\"MEAN\":0.06976744186046512,\"NILAI\":0.7592679119414099},\"BRI\":{\"VAL\":\"0\",\"STDEV\":0.2921686449635951,\"MEAN\":0.09302325581395349,\"NILAI\":0.7014445379137965},\"BTN\":{\"VAL\":\"0\",\"STDEV\":0.1515988659003453,\"MEAN\":0.023255813953488372,\"NILAI\":1.0124291745224323}}}\r\n', 'BAHASA JEPANG');
INSERT INTO `rekomendasi` VALUES (22, '3520101811860003', '{\"JENIS KELAMIN\":{\"BAHASA JEPANG\":{\"VAL\":\"18\",\"TOTAL\":146,\"NILAI\":0.1232876712328767},\"OTOMOTIF RODA DUA\":{\"VAL\":\"24\",\"TOTAL\":149,\"NILAI\":0.1610738255033557},\"MENJAHIT\":{\"VAL\":\"0\",\"TOTAL\":15,\"NILAI\":0},\"PROCESSING\":{\"VAL\":\"0\",\"TOTAL\":6,\"NILAI\":0},\"TEKNIK PENGELASAN\":{\"VAL\":\"0\",\"TOTAL\":8,\"NILAI\":0},\"KERAJINAN TAS PLASTIK\":{\"VAL\":\"0\",\"TOTAL\":2,\"NILAI\":0}},\"PENDIDIKAN\":{\"PPA\":{\"VAL\":\"59\",\"TOTAL\":146,\"NILAI\":0.4041095890410959},\"BBM\":{\"VAL\":\"53\",\"TOTAL\":149,\"NILAI\":0.35570469798657717},\"SUPERSEMAR\":{\"VAL\":\"10\",\"TOTAL\":15,\"NILAI\":0.6666666666666666},\"BI\":{\"VAL\":\"0\",\"TOTAL\":6,\"NILAI\":0},\"BRI\":{\"VAL\":\"0\",\"TOTAL\":8,\"NILAI\":0},\"BTN\":{\"VAL\":\"0\",\"TOTAL\":2,\"NILAI\":0}},\"JURUSAN\":{\"PPA\":{\"VAL\":\"58\",\"TOTAL\":146,\"NILAI\":0.3972602739726027},\"BBM\":{\"VAL\":\"76\",\"TOTAL\":149,\"NILAI\":0.5100671140939598},\"SUPERSEMAR\":{\"VAL\":\"8\",\"TOTAL\":15,\"NILAI\":0.5333333333333333},\"BI\":{\"VAL\":\"3\",\"TOTAL\":6,\"NILAI\":0.5},\"BRI\":{\"VAL\":\"4\",\"TOTAL\":8,\"NILAI\":0.5},\"BTN\":{\"VAL\":\"2\",\"TOTAL\":2,\"NILAI\":1}},\"STATUS\":{\"PPA\":{\"VAL\":\"2\",\"STDEV\":2.0353913769728766,\"MEAN\":1.697674418604651,\"NILAI\":0.27650813586411216},\"BBM\":{\"VAL\":\"0\",\"STDEV\":2.4370880338665106,\"MEAN\":1.7325581395348837,\"NILAI\":0.19844555360589494},\"SUPERSEMAR\":{\"VAL\":\"0\",\"STDEV\":0.41136388543238717,\"MEAN\":0.1744186046511628,\"NILAI\":0.5684229402018633},\"BI\":{\"VAL\":\"0\",\"STDEV\":0.25624885305538947,\"MEAN\":0.06976744186046512,\"NILAI\":0.7592679119414099},\"BRI\":{\"VAL\":\"0\",\"STDEV\":0.2921686449635951,\"MEAN\":0.09302325581395349,\"NILAI\":0.7014445379137965},\"BTN\":{\"VAL\":\"0\",\"STDEV\":0.1515988659003453,\"MEAN\":0.023255813953488372,\"NILAI\":1.0124291745224323}}}\r\n', 'BAHASA JEPANG');
INSERT INTO `rekomendasi` VALUES (23, '3520156303950001', '{\"JENIS KELAMIN\":{\"BAHASA JEPANG\":{\"VAL\":\"18\",\"TOTAL\":146,\"NILAI\":0.1232876712328767},\"OTOMOTIF RODA DUA\":{\"VAL\":\"24\",\"TOTAL\":149,\"NILAI\":0.1610738255033557},\"MENJAHIT\":{\"VAL\":\"0\",\"TOTAL\":15,\"NILAI\":0},\"PROCESSING\":{\"VAL\":\"0\",\"TOTAL\":6,\"NILAI\":0},\"TEKNIK PENGELASAN\":{\"VAL\":\"0\",\"TOTAL\":8,\"NILAI\":0},\"KERAJINAN TAS PLASTIK\":{\"VAL\":\"0\",\"TOTAL\":2,\"NILAI\":0}},\"PENDIDIKAN\":{\"PPA\":{\"VAL\":\"59\",\"TOTAL\":146,\"NILAI\":0.4041095890410959},\"BBM\":{\"VAL\":\"53\",\"TOTAL\":149,\"NILAI\":0.35570469798657717},\"SUPERSEMAR\":{\"VAL\":\"10\",\"TOTAL\":15,\"NILAI\":0.6666666666666666},\"BI\":{\"VAL\":\"0\",\"TOTAL\":6,\"NILAI\":0},\"BRI\":{\"VAL\":\"0\",\"TOTAL\":8,\"NILAI\":0},\"BTN\":{\"VAL\":\"0\",\"TOTAL\":2,\"NILAI\":0}},\"JURUSAN\":{\"PPA\":{\"VAL\":\"58\",\"TOTAL\":146,\"NILAI\":0.3972602739726027},\"BBM\":{\"VAL\":\"76\",\"TOTAL\":149,\"NILAI\":0.5100671140939598},\"SUPERSEMAR\":{\"VAL\":\"8\",\"TOTAL\":15,\"NILAI\":0.5333333333333333},\"BI\":{\"VAL\":\"3\",\"TOTAL\":6,\"NILAI\":0.5},\"BRI\":{\"VAL\":\"4\",\"TOTAL\":8,\"NILAI\":0.5},\"BTN\":{\"VAL\":\"2\",\"TOTAL\":2,\"NILAI\":1}},\"STATUS\":{\"PPA\":{\"VAL\":\"2\",\"STDEV\":2.0353913769728766,\"MEAN\":1.697674418604651,\"NILAI\":0.27650813586411216},\"BBM\":{\"VAL\":\"0\",\"STDEV\":2.4370880338665106,\"MEAN\":1.7325581395348837,\"NILAI\":0.19844555360589494},\"SUPERSEMAR\":{\"VAL\":\"0\",\"STDEV\":0.41136388543238717,\"MEAN\":0.1744186046511628,\"NILAI\":0.5684229402018633},\"BI\":{\"VAL\":\"0\",\"STDEV\":0.25624885305538947,\"MEAN\":0.06976744186046512,\"NILAI\":0.7592679119414099},\"BRI\":{\"VAL\":\"0\",\"STDEV\":0.2921686449635951,\"MEAN\":0.09302325581395349,\"NILAI\":0.7014445379137965},\"BTN\":{\"VAL\":\"0\",\"STDEV\":0.1515988659003453,\"MEAN\":0.023255813953488372,\"NILAI\":1.0124291745224323}}}\r\n', 'BAHASA JEPANG');
INSERT INTO `rekomendasi` VALUES (24, '3520125107030001', '{\"JENIS KELAMIN\":{\"BAHASA JEPANG\":{\"VAL\":\"18\",\"TOTAL\":146,\"NILAI\":0.1232876712328767},\"OTOMOTIF RODA DUA\":{\"VAL\":\"24\",\"TOTAL\":149,\"NILAI\":0.1610738255033557},\"MENJAHIT\":{\"VAL\":\"0\",\"TOTAL\":15,\"NILAI\":0},\"PROCESSING\":{\"VAL\":\"0\",\"TOTAL\":6,\"NILAI\":0},\"TEKNIK PENGELASAN\":{\"VAL\":\"0\",\"TOTAL\":8,\"NILAI\":0},\"KERAJINAN TAS PLASTIK\":{\"VAL\":\"0\",\"TOTAL\":2,\"NILAI\":0}},\"PENDIDIKAN\":{\"PPA\":{\"VAL\":\"59\",\"TOTAL\":146,\"NILAI\":0.4041095890410959},\"BBM\":{\"VAL\":\"53\",\"TOTAL\":149,\"NILAI\":0.35570469798657717},\"SUPERSEMAR\":{\"VAL\":\"10\",\"TOTAL\":15,\"NILAI\":0.6666666666666666},\"BI\":{\"VAL\":\"0\",\"TOTAL\":6,\"NILAI\":0},\"BRI\":{\"VAL\":\"0\",\"TOTAL\":8,\"NILAI\":0},\"BTN\":{\"VAL\":\"0\",\"TOTAL\":2,\"NILAI\":0}},\"JURUSAN\":{\"PPA\":{\"VAL\":\"58\",\"TOTAL\":146,\"NILAI\":0.3972602739726027},\"BBM\":{\"VAL\":\"76\",\"TOTAL\":149,\"NILAI\":0.5100671140939598},\"SUPERSEMAR\":{\"VAL\":\"8\",\"TOTAL\":15,\"NILAI\":0.5333333333333333},\"BI\":{\"VAL\":\"3\",\"TOTAL\":6,\"NILAI\":0.5},\"BRI\":{\"VAL\":\"4\",\"TOTAL\":8,\"NILAI\":0.5},\"BTN\":{\"VAL\":\"2\",\"TOTAL\":2,\"NILAI\":1}},\"STATUS\":{\"PPA\":{\"VAL\":\"2\",\"STDEV\":2.0353913769728766,\"MEAN\":1.697674418604651,\"NILAI\":0.27650813586411216},\"BBM\":{\"VAL\":\"0\",\"STDEV\":2.4370880338665106,\"MEAN\":1.7325581395348837,\"NILAI\":0.19844555360589494},\"SUPERSEMAR\":{\"VAL\":\"0\",\"STDEV\":0.41136388543238717,\"MEAN\":0.1744186046511628,\"NILAI\":0.5684229402018633},\"BI\":{\"VAL\":\"0\",\"STDEV\":0.25624885305538947,\"MEAN\":0.06976744186046512,\"NILAI\":0.7592679119414099},\"BRI\":{\"VAL\":\"0\",\"STDEV\":0.2921686449635951,\"MEAN\":0.09302325581395349,\"NILAI\":0.7014445379137965},\"BTN\":{\"VAL\":\"0\",\"STDEV\":0.1515988659003453,\"MEAN\":0.023255813953488372,\"NILAI\":1.0124291745224323}}}\r\n', 'BAHASA JEPANG');
INSERT INTO `rekomendasi` VALUES (25, '3520140403860001', '{\"JENIS KELAMIN\":{\"BAHASA JEPANG\":{\"VAL\":\"18\",\"TOTAL\":146,\"NILAI\":0.1232876712328767},\"OTOMOTIF RODA DUA\":{\"VAL\":\"24\",\"TOTAL\":149,\"NILAI\":0.1610738255033557},\"MENJAHIT\":{\"VAL\":\"0\",\"TOTAL\":15,\"NILAI\":0},\"PROCESSING\":{\"VAL\":\"0\",\"TOTAL\":6,\"NILAI\":0},\"TEKNIK PENGELASAN\":{\"VAL\":\"0\",\"TOTAL\":8,\"NILAI\":0},\"KERAJINAN TAS PLASTIK\":{\"VAL\":\"0\",\"TOTAL\":2,\"NILAI\":0}},\"PENDIDIKAN\":{\"PPA\":{\"VAL\":\"59\",\"TOTAL\":146,\"NILAI\":0.4041095890410959},\"BBM\":{\"VAL\":\"53\",\"TOTAL\":149,\"NILAI\":0.35570469798657717},\"SUPERSEMAR\":{\"VAL\":\"10\",\"TOTAL\":15,\"NILAI\":0.6666666666666666},\"BI\":{\"VAL\":\"0\",\"TOTAL\":6,\"NILAI\":0},\"BRI\":{\"VAL\":\"0\",\"TOTAL\":8,\"NILAI\":0},\"BTN\":{\"VAL\":\"0\",\"TOTAL\":2,\"NILAI\":0}},\"JURUSAN\":{\"PPA\":{\"VAL\":\"58\",\"TOTAL\":146,\"NILAI\":0.3972602739726027},\"BBM\":{\"VAL\":\"76\",\"TOTAL\":149,\"NILAI\":0.5100671140939598},\"SUPERSEMAR\":{\"VAL\":\"8\",\"TOTAL\":15,\"NILAI\":0.5333333333333333},\"BI\":{\"VAL\":\"3\",\"TOTAL\":6,\"NILAI\":0.5},\"BRI\":{\"VAL\":\"4\",\"TOTAL\":8,\"NILAI\":0.5},\"BTN\":{\"VAL\":\"2\",\"TOTAL\":2,\"NILAI\":1}},\"STATUS\":{\"PPA\":{\"VAL\":\"2\",\"STDEV\":2.0353913769728766,\"MEAN\":1.697674418604651,\"NILAI\":0.27650813586411216},\"BBM\":{\"VAL\":\"0\",\"STDEV\":2.4370880338665106,\"MEAN\":1.7325581395348837,\"NILAI\":0.19844555360589494},\"SUPERSEMAR\":{\"VAL\":\"0\",\"STDEV\":0.41136388543238717,\"MEAN\":0.1744186046511628,\"NILAI\":0.5684229402018633},\"BI\":{\"VAL\":\"0\",\"STDEV\":0.25624885305538947,\"MEAN\":0.06976744186046512,\"NILAI\":0.7592679119414099},\"BRI\":{\"VAL\":\"0\",\"STDEV\":0.2921686449635951,\"MEAN\":0.09302325581395349,\"NILAI\":0.7014445379137965},\"BTN\":{\"VAL\":\"0\",\"STDEV\":0.1515988659003453,\"MEAN\":0.023255813953488372,\"NILAI\":1.0124291745224323}}}\r\n', 'BAHASA JEPANG');
INSERT INTO `rekomendasi` VALUES (26, '3520044410970001', '{\"JENIS KELAMIN\":{\"BAHASA JEPANG\":{\"VAL\":\"18\",\"TOTAL\":146,\"NILAI\":0.1232876712328767},\"OTOMOTIF RODA DUA\":{\"VAL\":\"24\",\"TOTAL\":149,\"NILAI\":0.1610738255033557},\"MENJAHIT\":{\"VAL\":\"0\",\"TOTAL\":15,\"NILAI\":0},\"PROCESSING\":{\"VAL\":\"0\",\"TOTAL\":6,\"NILAI\":0},\"TEKNIK PENGELASAN\":{\"VAL\":\"0\",\"TOTAL\":8,\"NILAI\":0},\"KERAJINAN TAS PLASTIK\":{\"VAL\":\"0\",\"TOTAL\":2,\"NILAI\":0}},\"PENDIDIKAN\":{\"PPA\":{\"VAL\":\"59\",\"TOTAL\":146,\"NILAI\":0.4041095890410959},\"BBM\":{\"VAL\":\"53\",\"TOTAL\":149,\"NILAI\":0.35570469798657717},\"SUPERSEMAR\":{\"VAL\":\"10\",\"TOTAL\":15,\"NILAI\":0.6666666666666666},\"BI\":{\"VAL\":\"0\",\"TOTAL\":6,\"NILAI\":0},\"BRI\":{\"VAL\":\"0\",\"TOTAL\":8,\"NILAI\":0},\"BTN\":{\"VAL\":\"0\",\"TOTAL\":2,\"NILAI\":0}},\"JURUSAN\":{\"PPA\":{\"VAL\":\"58\",\"TOTAL\":146,\"NILAI\":0.3972602739726027},\"BBM\":{\"VAL\":\"76\",\"TOTAL\":149,\"NILAI\":0.5100671140939598},\"SUPERSEMAR\":{\"VAL\":\"8\",\"TOTAL\":15,\"NILAI\":0.5333333333333333},\"BI\":{\"VAL\":\"3\",\"TOTAL\":6,\"NILAI\":0.5},\"BRI\":{\"VAL\":\"4\",\"TOTAL\":8,\"NILAI\":0.5},\"BTN\":{\"VAL\":\"2\",\"TOTAL\":2,\"NILAI\":1}},\"STATUS\":{\"PPA\":{\"VAL\":\"2\",\"STDEV\":2.0353913769728766,\"MEAN\":1.697674418604651,\"NILAI\":0.27650813586411216},\"BBM\":{\"VAL\":\"0\",\"STDEV\":2.4370880338665106,\"MEAN\":1.7325581395348837,\"NILAI\":0.19844555360589494},\"SUPERSEMAR\":{\"VAL\":\"0\",\"STDEV\":0.41136388543238717,\"MEAN\":0.1744186046511628,\"NILAI\":0.5684229402018633},\"BI\":{\"VAL\":\"0\",\"STDEV\":0.25624885305538947,\"MEAN\":0.06976744186046512,\"NILAI\":0.7592679119414099},\"BRI\":{\"VAL\":\"0\",\"STDEV\":0.2921686449635951,\"MEAN\":0.09302325581395349,\"NILAI\":0.7014445379137965},\"BTN\":{\"VAL\":\"0\",\"STDEV\":0.1515988659003453,\"MEAN\":0.023255813953488372,\"NILAI\":1.0124291745224323}}}\r\n', 'BAHASA JEPANG');
INSERT INTO `rekomendasi` VALUES (27, '3520111408880001', '{\"JENIS KELAMIN\":{\"BAHASA JEPANG\":{\"VAL\":\"18\",\"TOTAL\":146,\"NILAI\":0.1232876712328767},\"OTOMOTIF RODA DUA\":{\"VAL\":\"24\",\"TOTAL\":149,\"NILAI\":0.1610738255033557},\"MENJAHIT\":{\"VAL\":\"0\",\"TOTAL\":15,\"NILAI\":0},\"PROCESSING\":{\"VAL\":\"0\",\"TOTAL\":6,\"NILAI\":0},\"TEKNIK PENGELASAN\":{\"VAL\":\"0\",\"TOTAL\":8,\"NILAI\":0},\"KERAJINAN TAS PLASTIK\":{\"VAL\":\"0\",\"TOTAL\":2,\"NILAI\":0}},\"PENDIDIKAN\":{\"PPA\":{\"VAL\":\"59\",\"TOTAL\":146,\"NILAI\":0.4041095890410959},\"BBM\":{\"VAL\":\"53\",\"TOTAL\":149,\"NILAI\":0.35570469798657717},\"SUPERSEMAR\":{\"VAL\":\"10\",\"TOTAL\":15,\"NILAI\":0.6666666666666666},\"BI\":{\"VAL\":\"0\",\"TOTAL\":6,\"NILAI\":0},\"BRI\":{\"VAL\":\"0\",\"TOTAL\":8,\"NILAI\":0},\"BTN\":{\"VAL\":\"0\",\"TOTAL\":2,\"NILAI\":0}},\"JURUSAN\":{\"PPA\":{\"VAL\":\"58\",\"TOTAL\":146,\"NILAI\":0.3972602739726027},\"BBM\":{\"VAL\":\"76\",\"TOTAL\":149,\"NILAI\":0.5100671140939598},\"SUPERSEMAR\":{\"VAL\":\"8\",\"TOTAL\":15,\"NILAI\":0.5333333333333333},\"BI\":{\"VAL\":\"3\",\"TOTAL\":6,\"NILAI\":0.5},\"BRI\":{\"VAL\":\"4\",\"TOTAL\":8,\"NILAI\":0.5},\"BTN\":{\"VAL\":\"2\",\"TOTAL\":2,\"NILAI\":1}},\"STATUS\":{\"PPA\":{\"VAL\":\"2\",\"STDEV\":2.0353913769728766,\"MEAN\":1.697674418604651,\"NILAI\":0.27650813586411216},\"BBM\":{\"VAL\":\"0\",\"STDEV\":2.4370880338665106,\"MEAN\":1.7325581395348837,\"NILAI\":0.19844555360589494},\"SUPERSEMAR\":{\"VAL\":\"0\",\"STDEV\":0.41136388543238717,\"MEAN\":0.1744186046511628,\"NILAI\":0.5684229402018633},\"BI\":{\"VAL\":\"0\",\"STDEV\":0.25624885305538947,\"MEAN\":0.06976744186046512,\"NILAI\":0.7592679119414099},\"BRI\":{\"VAL\":\"0\",\"STDEV\":0.2921686449635951,\"MEAN\":0.09302325581395349,\"NILAI\":0.7014445379137965},\"BTN\":{\"VAL\":\"0\",\"STDEV\":0.1515988659003453,\"MEAN\":0.023255813953488372,\"NILAI\":1.0124291745224323}}}\r\n', 'BAHASA JEPANG');
INSERT INTO `rekomendasi` VALUES (28, '3520075002010002', '{\"JENIS KELAMIN\":{\"BAHASA JEPANG\":{\"VAL\":\"18\",\"TOTAL\":146,\"NILAI\":0.1232876712328767},\"OTOMOTIF RODA DUA\":{\"VAL\":\"24\",\"TOTAL\":149,\"NILAI\":0.1610738255033557},\"MENJAHIT\":{\"VAL\":\"0\",\"TOTAL\":15,\"NILAI\":0},\"PROCESSING\":{\"VAL\":\"0\",\"TOTAL\":6,\"NILAI\":0},\"TEKNIK PENGELASAN\":{\"VAL\":\"0\",\"TOTAL\":8,\"NILAI\":0},\"KERAJINAN TAS PLASTIK\":{\"VAL\":\"0\",\"TOTAL\":2,\"NILAI\":0}},\"PENDIDIKAN\":{\"PPA\":{\"VAL\":\"59\",\"TOTAL\":146,\"NILAI\":0.4041095890410959},\"BBM\":{\"VAL\":\"53\",\"TOTAL\":149,\"NILAI\":0.35570469798657717},\"SUPERSEMAR\":{\"VAL\":\"10\",\"TOTAL\":15,\"NILAI\":0.6666666666666666},\"BI\":{\"VAL\":\"0\",\"TOTAL\":6,\"NILAI\":0},\"BRI\":{\"VAL\":\"0\",\"TOTAL\":8,\"NILAI\":0},\"BTN\":{\"VAL\":\"0\",\"TOTAL\":2,\"NILAI\":0}},\"JURUSAN\":{\"PPA\":{\"VAL\":\"58\",\"TOTAL\":146,\"NILAI\":0.3972602739726027},\"BBM\":{\"VAL\":\"76\",\"TOTAL\":149,\"NILAI\":0.5100671140939598},\"SUPERSEMAR\":{\"VAL\":\"8\",\"TOTAL\":15,\"NILAI\":0.5333333333333333},\"BI\":{\"VAL\":\"3\",\"TOTAL\":6,\"NILAI\":0.5},\"BRI\":{\"VAL\":\"4\",\"TOTAL\":8,\"NILAI\":0.5},\"BTN\":{\"VAL\":\"2\",\"TOTAL\":2,\"NILAI\":1}},\"STATUS\":{\"PPA\":{\"VAL\":\"2\",\"STDEV\":2.0353913769728766,\"MEAN\":1.697674418604651,\"NILAI\":0.27650813586411216},\"BBM\":{\"VAL\":\"0\",\"STDEV\":2.4370880338665106,\"MEAN\":1.7325581395348837,\"NILAI\":0.19844555360589494},\"SUPERSEMAR\":{\"VAL\":\"0\",\"STDEV\":0.41136388543238717,\"MEAN\":0.1744186046511628,\"NILAI\":0.5684229402018633},\"BI\":{\"VAL\":\"0\",\"STDEV\":0.25624885305538947,\"MEAN\":0.06976744186046512,\"NILAI\":0.7592679119414099},\"BRI\":{\"VAL\":\"0\",\"STDEV\":0.2921686449635951,\"MEAN\":0.09302325581395349,\"NILAI\":0.7014445379137965},\"BTN\":{\"VAL\":\"0\",\"STDEV\":0.1515988659003453,\"MEAN\":0.023255813953488372,\"NILAI\":1.0124291745224323}}}\r\n', 'BAHASA JEPANG');
INSERT INTO `rekomendasi` VALUES (29, '3520062910980003', '{\"JENIS KELAMIN\":{\"BAHASA JEPANG\":{\"VAL\":\"18\",\"TOTAL\":146,\"NILAI\":0.1232876712328767},\"OTOMOTIF RODA DUA\":{\"VAL\":\"24\",\"TOTAL\":149,\"NILAI\":0.1610738255033557},\"MENJAHIT\":{\"VAL\":\"0\",\"TOTAL\":15,\"NILAI\":0},\"PROCESSING\":{\"VAL\":\"0\",\"TOTAL\":6,\"NILAI\":0},\"TEKNIK PENGELASAN\":{\"VAL\":\"0\",\"TOTAL\":8,\"NILAI\":0},\"KERAJINAN TAS PLASTIK\":{\"VAL\":\"0\",\"TOTAL\":2,\"NILAI\":0}},\"PENDIDIKAN\":{\"PPA\":{\"VAL\":\"59\",\"TOTAL\":146,\"NILAI\":0.4041095890410959},\"BBM\":{\"VAL\":\"53\",\"TOTAL\":149,\"NILAI\":0.35570469798657717},\"SUPERSEMAR\":{\"VAL\":\"10\",\"TOTAL\":15,\"NILAI\":0.6666666666666666},\"BI\":{\"VAL\":\"0\",\"TOTAL\":6,\"NILAI\":0},\"BRI\":{\"VAL\":\"0\",\"TOTAL\":8,\"NILAI\":0},\"BTN\":{\"VAL\":\"0\",\"TOTAL\":2,\"NILAI\":0}},\"JURUSAN\":{\"PPA\":{\"VAL\":\"58\",\"TOTAL\":146,\"NILAI\":0.3972602739726027},\"BBM\":{\"VAL\":\"76\",\"TOTAL\":149,\"NILAI\":0.5100671140939598},\"SUPERSEMAR\":{\"VAL\":\"8\",\"TOTAL\":15,\"NILAI\":0.5333333333333333},\"BI\":{\"VAL\":\"3\",\"TOTAL\":6,\"NILAI\":0.5},\"BRI\":{\"VAL\":\"4\",\"TOTAL\":8,\"NILAI\":0.5},\"BTN\":{\"VAL\":\"2\",\"TOTAL\":2,\"NILAI\":1}},\"STATUS\":{\"PPA\":{\"VAL\":\"2\",\"STDEV\":2.0353913769728766,\"MEAN\":1.697674418604651,\"NILAI\":0.27650813586411216},\"BBM\":{\"VAL\":\"0\",\"STDEV\":2.4370880338665106,\"MEAN\":1.7325581395348837,\"NILAI\":0.19844555360589494},\"SUPERSEMAR\":{\"VAL\":\"0\",\"STDEV\":0.41136388543238717,\"MEAN\":0.1744186046511628,\"NILAI\":0.5684229402018633},\"BI\":{\"VAL\":\"0\",\"STDEV\":0.25624885305538947,\"MEAN\":0.06976744186046512,\"NILAI\":0.7592679119414099},\"BRI\":{\"VAL\":\"0\",\"STDEV\":0.2921686449635951,\"MEAN\":0.09302325581395349,\"NILAI\":0.7014445379137965},\"BTN\":{\"VAL\":\"0\",\"STDEV\":0.1515988659003453,\"MEAN\":0.023255813953488372,\"NILAI\":1.0124291745224323}}}\r\n', 'BAHASA JEPANG');
INSERT INTO `rekomendasi` VALUES (30, '3520094905840001', '{\"JENIS KELAMIN\":{\"BAHASA JEPANG\":{\"VAL\":\"18\",\"TOTAL\":146,\"NILAI\":0.1232876712328767},\"OTOMOTIF RODA DUA\":{\"VAL\":\"24\",\"TOTAL\":149,\"NILAI\":0.1610738255033557},\"MENJAHIT\":{\"VAL\":\"0\",\"TOTAL\":15,\"NILAI\":0},\"PROCESSING\":{\"VAL\":\"0\",\"TOTAL\":6,\"NILAI\":0},\"TEKNIK PENGELASAN\":{\"VAL\":\"0\",\"TOTAL\":8,\"NILAI\":0},\"KERAJINAN TAS PLASTIK\":{\"VAL\":\"0\",\"TOTAL\":2,\"NILAI\":0}},\"PENDIDIKAN\":{\"PPA\":{\"VAL\":\"59\",\"TOTAL\":146,\"NILAI\":0.4041095890410959},\"BBM\":{\"VAL\":\"53\",\"TOTAL\":149,\"NILAI\":0.35570469798657717},\"SUPERSEMAR\":{\"VAL\":\"10\",\"TOTAL\":15,\"NILAI\":0.6666666666666666},\"BI\":{\"VAL\":\"0\",\"TOTAL\":6,\"NILAI\":0},\"BRI\":{\"VAL\":\"0\",\"TOTAL\":8,\"NILAI\":0},\"BTN\":{\"VAL\":\"0\",\"TOTAL\":2,\"NILAI\":0}},\"JURUSAN\":{\"PPA\":{\"VAL\":\"58\",\"TOTAL\":146,\"NILAI\":0.3972602739726027},\"BBM\":{\"VAL\":\"76\",\"TOTAL\":149,\"NILAI\":0.5100671140939598},\"SUPERSEMAR\":{\"VAL\":\"8\",\"TOTAL\":15,\"NILAI\":0.5333333333333333},\"BI\":{\"VAL\":\"3\",\"TOTAL\":6,\"NILAI\":0.5},\"BRI\":{\"VAL\":\"4\",\"TOTAL\":8,\"NILAI\":0.5},\"BTN\":{\"VAL\":\"2\",\"TOTAL\":2,\"NILAI\":1}},\"STATUS\":{\"PPA\":{\"VAL\":\"2\",\"STDEV\":2.0353913769728766,\"MEAN\":1.697674418604651,\"NILAI\":0.27650813586411216},\"BBM\":{\"VAL\":\"0\",\"STDEV\":2.4370880338665106,\"MEAN\":1.7325581395348837,\"NILAI\":0.19844555360589494},\"SUPERSEMAR\":{\"VAL\":\"0\",\"STDEV\":0.41136388543238717,\"MEAN\":0.1744186046511628,\"NILAI\":0.5684229402018633},\"BI\":{\"VAL\":\"0\",\"STDEV\":0.25624885305538947,\"MEAN\":0.06976744186046512,\"NILAI\":0.7592679119414099},\"BRI\":{\"VAL\":\"0\",\"STDEV\":0.2921686449635951,\"MEAN\":0.09302325581395349,\"NILAI\":0.7014445379137965},\"BTN\":{\"VAL\":\"0\",\"STDEV\":0.1515988659003453,\"MEAN\":0.023255813953488372,\"NILAI\":1.0124291745224323}}}\r\n', 'BAHASA JEPANG');

-- ----------------------------
-- Table structure for role
-- ----------------------------
DROP TABLE IF EXISTS `role`;
CREATE TABLE `role`  (
  `id_role` int(11) NOT NULL,
  `role_nama` varchar(50) CHARACTER SET utf8mb4 COLLATE utf8mb4_general_ci NOT NULL
) ENGINE = InnoDB CHARACTER SET = utf8mb4 COLLATE = utf8mb4_general_ci ROW_FORMAT = Dynamic;

-- ----------------------------
-- Records of role
-- ----------------------------
INSERT INTO `role` VALUES (1, 'Super Admin');
INSERT INTO `role` VALUES (2, 'Admin');
INSERT INTO `role` VALUES (3, 'Operator');

-- ----------------------------
-- Table structure for sample
-- ----------------------------
DROP TABLE IF EXISTS `sample`;
CREATE TABLE `sample`  (
  `id` bigint(20) UNSIGNED NOT NULL AUTO_INCREMENT,
  `nik` text CHARACTER SET utf8mb4 COLLATE utf8mb4_unicode_ci NOT NULL,
  `nama` text CHARACTER SET utf8mb4 COLLATE utf8mb4_unicode_ci NOT NULL,
  `jenis_kelamin` char(1) CHARACTER SET utf8mb4 COLLATE utf8mb4_unicode_ci NOT NULL,
  `email` varchar(100) CHARACTER SET utf8mb4 COLLATE utf8mb4_unicode_ci NOT NULL,
  `alamat` text CHARACTER SET utf8mb4 COLLATE utf8mb4_unicode_ci NOT NULL,
  `hp` varchar(50) CHARACTER SET utf8mb4 COLLATE utf8mb4_unicode_ci NOT NULL,
  `id_jurusan` int(2) NOT NULL,
  `id_tingkat` int(2) NULL DEFAULT NULL,
  `id_kelompok` int(2) NOT NULL,
  `id_pelatihan` int(2) NOT NULL,
  `id_jenis` int(2) NOT NULL,
  PRIMARY KEY (`id`) USING BTREE
) ENGINE = InnoDB AUTO_INCREMENT = 2786 CHARACTER SET = utf8mb4 COLLATE = utf8mb4_unicode_ci ROW_FORMAT = Dynamic;

-- ----------------------------
-- Records of sample
-- ----------------------------
INSERT INTO `sample` VALUES (1, '3520106409010001', 'ANGGI LISTIYA ZANUBA ARIFAH', 'P', 'listiyaanggi@gmail.com', 'Ds.Belotan Rt 49 Rw 17', '085648714250', 1, 2, 1, 1, 1);
INSERT INTO `sample` VALUES (2, '3520150811960001', 'MUHAMMAD IKHSAN NURI', 'L', 'm.san0896@gmail.com', 'Ds. Ngelang Kec. Kartoharjo Kab. Magetan', '085645581043', 2, 2, 2, 2, 1);
INSERT INTO `sample` VALUES (3, '3520106605990003', 'AMI SOELEKAH', 'P', 'amisolekah426@gmail.com', 'Ds belotan rt/rw 033/012 kec. Bendo kab. Magetan', '082131999611', 3, 2, 1, 3, 1);
INSERT INTO `sample` VALUES (4, '3520115712820002', 'ROBI YUNINGSIH', 'P', 'yuningsihrobi@gmail.com', 'Ds. Gulun jl. Anggur rt.21 rw. 04 Maospati Magetan', '089603122634', 3, 2, 1, 3, 1);
INSERT INTO `sample` VALUES (5, '3520151104930001', 'HERI GATOT KUSWANTO', 'L', 'herryfu033@gmail.com', 'Desa Jeruk RT 05 RW 02 Kecamatan Kartoharjo Magetan', '085735066646', 5, 1, 2, 3, 1);
INSERT INTO `sample` VALUES (6, '3520012506030001', 'FRENDY ADYNATA', 'L', 'adynatafrendy@gmail.com', 'Dusun jurug Rt/Rw=05/01 Desa Poncol Kecamatan Poncol Kabupaten Magetan', '0881027697225', 4, 3, 3, 3, 1);
INSERT INTO `sample` VALUES (7, '3273156907030003', 'DELLA KARESTIANA', 'P', 'supartipurnomo@gmail.com', 'Dukuh tales RT 001 RW 001 desa kentangan kec.sukomoro kab.magetan', '081703566927', 3, 3, 3, 4, 2);
INSERT INTO `sample` VALUES (8, '3520150701030002', 'BAYU EKO PRASTYO', 'L', 'prastyobayu7717@gmail.com', 'Bali Kambang RT 12 RW 03, Bayem Taman, Kartoharjo, Magetan', '089676708585', 2, 2, 4, 5, 1);
INSERT INTO `sample` VALUES (9, '3520074911020002', 'VIRNANDA AYU NOVIANA', 'P', 'virnandaayu23@gmail.com', 'DSN TAWING RT. 14 RW. 02 DS PLUMPUNG, KECAMATAN PLAOSAN, KABUPATEN MAGETAN', '085865709013', 3, 2, 4, 6, 3);
INSERT INTO `sample` VALUES (10, '3520064703970001', 'FELIA RAHMATIKA SANTI', 'P', 'afeliarahma@gmail.com', 'JL. Kalpataru No. 57, RT. 03/RW. 03, Kel. Tawanganom, Kec. Magetan, Kab. Magetan', '087799156254', 4, 1, 4, 6, 3);
INSERT INTO `sample` VALUES (11, '3520105809020001', 'IIN SEPTIYANI', 'P', 'iin.septiyani02@gmail.com', 'Ds. Tanjung RT.11 RW.03, Kec. Bendo, Kab. Magetan', '081216337110', 3, 2, 4, 3, 1);
INSERT INTO `sample` VALUES (12, '3520150501020001', 'RYO BAGUS PURNAMA PUTRA', 'L', 'bagusryo37@gmail.com', 'Bali kambang 14/04 bayem taman kartoharjo magetn jawa Timur', '089665490500', 2, 2, 1, 2, 1);
INSERT INTO `sample` VALUES (13, '3520036008810003', 'WIWIK PURWATI', 'P', 'wiwikpw6@gmail.com', 'Jl.penguin Rejosari RT 05/02 , Rejosari , Kawedanan , Magetan', '085604702722', 6, 4, 1, 3, 1);
INSERT INTO `sample` VALUES (14, '3520160107010005', 'EDI WIJAYA', 'L', 'ediskl35@gmail.com', 'Ds selotinatah rt 21 rw 04 kecamatan ngariboyo kabupaten magetan', '087756523946', 5, 3, 1, 6, 3);
INSERT INTO `sample` VALUES (15, '3520027006010002', 'WULANDARI', 'P', 'wulandari00755@gmail.com', 'Dsn jombok ds pragak rt/rw 026/007 kec parang kab magetan', '089518976746', 3, 2, 1, 3, 1);
INSERT INTO `sample` VALUES (16, '3505146605840001', 'CATUR MAYRIDA WULANDARI', 'P', 'caturmayrida84@gmail.com', 'Lingk. Mangu RT 07 RW 02 Kel. Takeran Kec. Takeran Kab. Magetan', '081574998397', 2, 1, 4, 6, 3);
INSERT INTO `sample` VALUES (17, '3520064912010005', 'REHITA DWIYAN DESTANINGRUM', 'P', 'rereputri359@gmail.com', 'Jl.Sawo no 82 RT 03 RW 05l Selosari Magetan', '085852320508', 3, 2, 1, 3, 1);
INSERT INTO `sample` VALUES (18, '3520132508990001', 'WAHYU JOKO SANTOSO', 'L', 'wahyujokosantoso99@gmail.com', 'Ds sambirembe kec karangrejo kab magetan Rt 001 Rw 002', '085732265270', 2, 2, 1, 2, 1);
INSERT INTO `sample` VALUES (19, '3520164603010001', 'NITA EKA WATI', 'P', 'watinitaeka@gmail.com', 'Desa Pendem RT.13/RW.04 Ngariboyo Magetan', '0895802921349', 3, 2, 1, 3, 1);
INSERT INTO `sample` VALUES (20, '3520164502010002', 'MARIATUL ULFA', 'P', 'mariatul52ulfa@gmail.com', 'Desa Banjarejo RT/RW 25/05 kecamatan Ngariboyo kabupaten Magetan', '085895417816', 3, 2, 1, 3, 1);
INSERT INTO `sample` VALUES (21, '3520013005000001', 'ANDRI FEBRIANTO', 'L', 'andrifebrianto352@gmail.com', 'Dk jati rt 004 rw 001 desa plangkrongan kecamatan poncol kabupaten magetan', '081316290053', 2, 2, 1, 2, 1);
INSERT INTO `sample` VALUES (22, '3520025704000001', 'EFIANA MUSLIKATIN', 'P', 'efiafia2000@gmail.com', 'Dk.Ngelo RT.18 RW.06 DS.Sayutan Kec.Parang Kab.Magetan', '085649885764', 3, 2, 4, 3, 1);
INSERT INTO `sample` VALUES (23, '3520046506010001', 'DELA FEPBI ANIA', 'P', 'delafepbi25@gmail.com', 'dk. Kambingan Rt 22 Rw 04 Desa Kuwonharjo. kec, Takeran. kab, Magetan', '085748436578', 3, 2, 4, 3, 1);
INSERT INTO `sample` VALUES (24, '3520142705020001', 'HENI VIANTO', 'L', 'magetanjatim33@gmail.com', 'Desa sumursongo rt.01 rw.01 kec. Karas kab. Magetan', '081259540642', 2, 2, 2, 2, 1);
INSERT INTO `sample` VALUES (25, '3520066202020001', 'YOLA PUTRI RENGGANIS', 'P', 'yolaputri255@gmail.com', 'Jl.sawo RT 05 RW 07 ,selosari Magetan', '085607830414', 3, 2, 4, 2, 2);
INSERT INTO `sample` VALUES (26, '3520034604910001', 'NINIK MARATUS SOLIKAH', 'P', 'azzahraninikmaratus@gmail.com', 'Kandenan barat rt 002 rw 001 lembeyan wetan kec lembeyan', '081932711482', 5, 3, 1, 6, 3);
INSERT INTO `sample` VALUES (27, '3520095809960001', 'DIAH RARA ANGGRAINI', 'P', 'diahrara96@gmail.com', 'Ds Kedungguwo Rt/Rw 001/001 Kec Sukomoro Kab Magetan', '085749521633', 1, 2, 2, 1, 1);
INSERT INTO `sample` VALUES (28, '3520060206920001', 'ANGGARA TYA MARDANI', 'L', 'listyas878@gmail.com', 'jl irian gang pisang 02/03\'', '081915628192', 5, 3, 1, 3, 1);
INSERT INTO `sample` VALUES (29, '1805180604030005', 'AFRILIAN HAFIDZ DANARSYAH', 'L', 'kingmoba700@gmail.com', 'DSN DONGOL, RT/RW 001/001,KEL/Desa SELOREJO, Kecamatan KAWEDANAN.', '085604320798', 5, 3, 1, 6, 3);
INSERT INTO `sample` VALUES (30, '3520130610990001', 'RUDIANTO YASINO', 'L', 'rudiantoyasino084@gmail.com', 'Jalan puntodewo kauman  rt/rw 04/02 kecamatan karangrejo kabupaten magetan', '082191869403', 2, 2, 1, 2, 1);
INSERT INTO `sample` VALUES (31, '3520155709990001', 'DITA AMALIAH NUR UTAMI', 'P', 'ditaamaliah017@gmail.com', 'Desa Klurahan, RT/RW: 07/02, Kecamatan Kartoharo, Kabupaten Magetan', '085804220989', 3, 2, 4, 3, 1);
INSERT INTO `sample` VALUES (32, '3520102906030004', 'FANDY FEBRIANTO', 'L', 'fandyfebrianto472@gmail.com', 'Rt 28 Rw 06,desa pingkuk, kecamatan bendo', '082122959891', 5, 3, 1, 6, 3);
INSERT INTO `sample` VALUES (33, '3520135112850001', 'WIDYANINGRUM', 'P', 'dafaarezaputra@gmail.com', 'PATIHAN, RT/O2 RW/06 KEC.KARANGREJO KAB.MAGETAN', '089666169308', 3, 2, 1, 3, 1);
INSERT INTO `sample` VALUES (34, '3520152006960001', 'JOHAN ARI BRAMANTYA', 'L', 'johan200696ari@gmail.com', 'ds sukowidi kec kartoharjo kab magetan', '081251858897', 2, 2, 1, 2, 1);
INSERT INTO `sample` VALUES (35, '3520106408030002', 'KASANATUL KHOTIMAH', 'P', 'kasanatulkhotimah24@gmail.com', 'Tegalarum, 16/03, bendo, magetan', '085784705944', 6, 4, 1, 3, 1);
INSERT INTO `sample` VALUES (36, '3520083001020001', 'LUTHFY BAGAS ADRYANSYACH', 'P', 'bagasluthfy@gmail.com', 'Dsn. Keniten RT. 08/RW. 04 DS. TURI KEC. PANEKAN KAB. MAGETAN', '083846961849', 3, 2, 4, 3, 1);
INSERT INTO `sample` VALUES (37, '3520056405000003', 'AULIA FRISCA ALVATICHA', 'P', 'auliafrisca24@gmail.com', 'Dukuh Ponggok RT 015 RW 003 Desa Selorejo, Kecamatan Kawedanan, Kabupaten Magetan, Jawa Timur', '0859185941459', 1, 2, 1, 1, 1);
INSERT INTO `sample` VALUES (38, '3520134709850001', 'SUCI WULANDARI', 'P', 'Sucisugeng85@gmail.com', 'Maron rt 002 rw 001 desa maron kec.karangrejo kab.magetan', '081217141069', 4, 1, 4, 6, 3);
INSERT INTO `sample` VALUES (39, '3520165402900002', 'ISMIATI', 'P', 'eismyrafif@gmail.com', 'Ds.bnjarejo rt.14 rw.03. kec.Ngariboyo kab.Magetan', '085648692904', 3, 2, 1, 3, 1);
INSERT INTO `sample` VALUES (40, '3520165408020002', 'SRI AYU ADELIYA SUKMAWATI', 'P', 'sriayuadeliya@gmail.com', 'DS. Pendem RT/RW 13/04 Kec. Ngariboyo kab. Magetan', '083116110815', 2, 2, 1, 2, 1);
INSERT INTO `sample` VALUES (41, '3520046102990001', 'EMMA SUFYA SURYA NINGTIAS', 'P', 'emmasufya2102@gmail.com', 'Ds. Tawangrejo RT/RW. 03/01, Kec. Takeran, Kab. Magetan, Jawa Timur', '085749533981', 1, 2, 1, 1, 1);
INSERT INTO `sample` VALUES (42, '3520095301970003', 'ADHIM OLFIE AYUDYA', 'P', 'adhim.olfie@gmail.com', 'Ds. Kedungguwo rt 1 rw 1 kecamatan Sukomoro Kabupaten Magetan Jawa Timur', '087853993956', 4, 1, 4, 6, 3);
INSERT INTO `sample` VALUES (43, '3520145006040002', 'DWI UMU SALMA', 'P', 'dwiumusalma@gmail.com', 'desa temenggungan,001/001 kec.karas kab.magetan', '085852572807', 3, 2, 4, 3, 1);
INSERT INTO `sample` VALUES (44, '3520177105990001', 'HANIFAH PRATAMA PUTRI', 'P', 'hanifahpratamap@gmail.com', 'Desa Goranggareng RT 06 RW 02 Kecamatan Nguntoronadi Kabupaten Magetan', '083119747459', 3, 2, 4, 3, 1);
INSERT INTO `sample` VALUES (45, '3520016910920002', 'SRI WAHYUNI', 'P', 'sriw15949@gmail.com', 'Poncol RT 028 RW 008 kelurahan Poncol kecamatan Poncol kabupaten Magetan', '081252474960', 3, 2, 4, 3, 1);
INSERT INTO `sample` VALUES (46, '3520054607980001', 'INDRA RUKMANA', 'P', 'rindra841@gmail.com', 'DS Sampung RT 01 RW 02 Kec Kawedanan kab Magetan', '085733229311', 3, 1, 4, 6, 3);
INSERT INTO `sample` VALUES (47, '3520055910970001', 'ROMADONA KRUSSITA DEWI', 'L', 'romadonakrussita19new@gmail.com', 'Ds. Karangrejo RT 006/002, Kec. Kawedanan, Kab. Magetan', '081553394019', 2, 2, 4, 3, 1);
INSERT INTO `sample` VALUES (48, '3520120502930001', 'SULISTYONO', 'L', 'yoyosulissulis@gmail.com', 'Dsn kruwul Rt/Rw 002/001, Ds Ngumpul kec Barat, kab Magetan', '081572314205', 2, 2, 1, 2, 1);
INSERT INTO `sample` VALUES (49, '3520062006010002', 'MUHAMMAD GIRI PRASETYA SASRAWIJAYA', 'L', 'muhammadgirips@gmail.com', 'jl Jaksa Agung Suprapto 34 rt 002 rw 004 Mangkujayan kec.magetan kab.magetan', '085784606235', 5, 3, 1, 6, 3);
INSERT INTO `sample` VALUES (50, '3520164701020001', 'LAILA TRI MEIYUDANA', 'P', 'lailatrimei@gmail.com', 'Kuyangan, Rt04/ Rw01,Ds.Balegondo, kec Ngariboyo', '085851219852', 4, 1, 4, 6, 3);

-- ----------------------------
-- Table structure for sessions
-- ----------------------------
DROP TABLE IF EXISTS `sessions`;
CREATE TABLE `sessions`  (
  `id` varchar(255) CHARACTER SET utf8mb4 COLLATE utf8mb4_unicode_ci NOT NULL,
  `user_id` bigint(20) UNSIGNED NULL DEFAULT NULL,
  `ip_address` varchar(45) CHARACTER SET utf8mb4 COLLATE utf8mb4_unicode_ci NULL DEFAULT NULL,
  `user_agent` text CHARACTER SET utf8mb4 COLLATE utf8mb4_unicode_ci NULL,
  `payload` text CHARACTER SET utf8mb4 COLLATE utf8mb4_unicode_ci NOT NULL,
  `last_activity` int(11) NOT NULL
) ENGINE = InnoDB CHARACTER SET = utf8mb4 COLLATE = utf8mb4_unicode_ci ROW_FORMAT = Dynamic;

-- ----------------------------
-- Records of sessions
-- ----------------------------
INSERT INTO `sessions` VALUES ('dTe8bTLyU6v3GP8dRRnurQWNNYqnkh6w4k5pvC2d', 15, '127.0.0.1', 'Mozilla/5.0 (Windows NT 10.0; Win64; x64; rv:122.0) Gecko/20100101 Firefox/122.0', 'YTo2OntzOjY6Il90b2tlbiI7czo0MDoiSnRmTm5XVjFUZzRaOXV1M0Z3S3JCU0hVbFF2bWNtekZKV29RaEtyOSI7czo5OiJfcHJldmlvdXMiO2E6MTp7czozOiJ1cmwiO3M6NDI6Imh0dHA6Ly8xMjcuMC4wLjE6ODAwMC9wcm9iYWJpbGl0YXMvZGlzcGxheSI7fXM6NjoiX2ZsYXNoIjthOjI6e3M6Mzoib2xkIjthOjA6e31zOjM6Im5ldyI7YTowOnt9fXM6NTA6ImxvZ2luX3dlYl81OWJhMzZhZGRjMmIyZjk0MDE1ODBmMDE0YzdmNThlYTRlMzA5ODlkIjtpOjE1O3M6MTc6InBhc3N3b3JkX2hhc2hfd2ViIjtzOjYwOiIkMnkkMTAkTWc2MkVqR1RNSXZhaHIzYmx2Mlg5dU9ISHlwS050OHU0b1pSVjMvVU1hNGNGSnp0RDdhRTYiO3M6MjE6InBhc3N3b3JkX2hhc2hfc2FuY3R1bSI7czo2MDoiJDJ5JDEwJE1nNjJFakdUTUl2YWhyM2JsdjJYOXVPSEh5cEtOdDh1NG9aUlYzL1VNYTRjRkp6dEQ3YUU2Ijt9', 1707112663);

-- ----------------------------
-- Table structure for status
-- ----------------------------
DROP TABLE IF EXISTS `status`;
CREATE TABLE `status`  (
  `id` int(11) NOT NULL AUTO_INCREMENT,
  `status` varchar(50) CHARACTER SET utf8mb4 COLLATE utf8mb4_general_ci NOT NULL,
  UNIQUE INDEX `id`(`id`) USING BTREE
) ENGINE = InnoDB AUTO_INCREMENT = 1 CHARACTER SET = utf8mb4 COLLATE = utf8mb4_general_ci ROW_FORMAT = Dynamic;

-- ----------------------------
-- Table structure for tenagakerja
-- ----------------------------
DROP TABLE IF EXISTS `tenagakerja`;
CREATE TABLE `tenagakerja`  (
  `id` bigint(20) UNSIGNED NOT NULL AUTO_INCREMENT,
  `nik` text CHARACTER SET utf8mb4 COLLATE utf8mb4_unicode_ci NOT NULL,
  `nama` text CHARACTER SET utf8mb4 COLLATE utf8mb4_unicode_ci NOT NULL,
  `jenis_kelamin` char(1) CHARACTER SET utf8mb4 COLLATE utf8mb4_unicode_ci NULL DEFAULT NULL,
  `email` varchar(100) CHARACTER SET utf8mb4 COLLATE utf8mb4_unicode_ci NULL DEFAULT NULL,
  `alamat` text CHARACTER SET utf8mb4 COLLATE utf8mb4_unicode_ci NULL,
  `hp` varchar(50) CHARACTER SET utf8mb4 COLLATE utf8mb4_unicode_ci NULL DEFAULT NULL,
  `id_jurusan` int(2) NOT NULL,
  `id_tingkat` int(2) NOT NULL,
  `id_kelompok` int(2) NOT NULL,
  PRIMARY KEY (`id`) USING BTREE
) ENGINE = InnoDB AUTO_INCREMENT = 2766 CHARACTER SET = utf8mb4 COLLATE = utf8mb4_unicode_ci ROW_FORMAT = Dynamic;

-- ----------------------------
-- Records of tenagakerja
-- ----------------------------
INSERT INTO `tenagakerja` VALUES (1, '3520145712020002', 'KHARISMA DWI NIKMAH', 'P', 'kharismadwi545@gmail.com', 'Ds. Mrahu, kec. Kartoharjo, kab. Magetan, Rt.1/Rw.1, jawa timur, indonesia', '85733694359', 1, 2, 4);
INSERT INTO `tenagakerja` VALUES (2, '3520146103000001', 'DANTI INDRIYASTUTI', 'P', 'dantiindriyastuti@gmail.com', 'Botok RT 02 RW 02 kec.karas kab.magetan', '85749376939', 1, 2, 1);
INSERT INTO `tenagakerja` VALUES (3, '3520145502020001', 'SUCI INDAH AMBARWATI', 'P', 'indahsuci0215@gmail.com', 'Dusun Balibatur desa Temboro RT 006 RW 003 kecamatan Karas kabupaten Magetan', '81615510938', 1, 2, 2);
INSERT INTO `tenagakerja` VALUES (4, '3520095607030002', 'FIRNANDA NUR WILANTIKA', 'P', 'wilantika32737@gmail.com', 'Jawa timur, magetan, sukomoro, 63391, desa kembangan rt 03 rw 07', '85707829775', 2, 2, 1);
INSERT INTO `tenagakerja` VALUES (5, '3520134701010001', 'YUS AMAUL NGAMIATI', 'P', 'ngamiatiyusamaul@gmail.com', 'Desa Baluk RT 03 RW 01 Kecamatan Karangrejo Kabupaten Magetan', '85784663364', 2, 2, 1);
INSERT INTO `tenagakerja` VALUES (6, '3520185405030001', 'DIANNA KRISBIYANTI', 'P', 'diannakrisbiyanti@gmail.com', 'ds. campursari rt01/rw03 kec. sidorejo kab. magetan', '85607529943', 5, 3, 1);
INSERT INTO `tenagakerja` VALUES (7, '3520115009030001', 'AGNIA KHAIRUN NISA', 'P', 'agniakhairunnisa9@gmail.com', 'jl raya solo rt 06 rw 01 kec Maospati kab Magetan desa klagen gambiran', '85815363616', 1, 2, 1);
INSERT INTO `tenagakerja` VALUES (8, '3521046205950001', 'SISWANTI', 'P', 'sdila364@gmail.com', 'sumursongo rt 04 rw 01 sumursongo karas magetan', '85335382283', 1, 2, 2);
INSERT INTO `tenagakerja` VALUES (9, '3520095702040001', 'DINDA AMALIA', 'P', 'dindaalia1702@gmail.com', 'Jl. Sunan Bonang no 77Rt 002 Rw 005 Kel Tinap Kec Sukomoro Kab Magetan', '85546259017', 4, 1, 1);
INSERT INTO `tenagakerja` VALUES (10, '3520112710030001', 'GILANG MUHTAR ROMANDHON', 'L', 'sajagilang825@gmail.com', 'dusun sungwi rt 16 rw 04 desa sugihwaras kec. maospati', '85784672931', 4, 1, 1);
INSERT INTO `tenagakerja` VALUES (11, '3520042004020002', 'ALDINO GYMNAS MAULANA MAHENDRA', 'L', 'aldinomahendra2312@gmail.com', 'Jomblang Rt 7 Rw 3 Takeran Magetan', '081553022122', 4, 1, 3);
INSERT INTO `tenagakerja` VALUES (12, '3520181803970003', 'HARTONO', 'L', 'dewiherii12@gmail.com', 'DSN.WADUK RT003/RW001 DS.DURENAN KEC.SIDOREJO KAB.MAGETAN', '085604480491', 4, 1, 2);
INSERT INTO `tenagakerja` VALUES (13, '3520072803920001', 'SUGENG PRIYANTO', 'L', 'sugengpr9228@gmail.com', 'desa banjar panjang rt 3 rw 1 kec ngariboyo kab magetan', '088996263003', 1, 2, 1);
INSERT INTO `tenagakerja` VALUES (14, '3502204605940001', 'DWI VITARIANA', 'P', 'dvitariana@gmail.com', 'lembeyan wetan rt.2 / rw.3 kecamatan lembeyan kabupaten magetan', '085785841158', 1, 2, 1);
INSERT INTO `tenagakerja` VALUES (15, '3520033012910003', 'DANANG PRIAWAN', 'L', 'mazdanzerdadu@gmail.com', 'Sekadalan Kediren rt 13 rw 02 Lembeyan.magetan', '081350052100', 4, 1, 3);
INSERT INTO `tenagakerja` VALUES (16, '1503076301990001', 'MORENZA PILAR VEGYANA', 'P', 'morenza.pilar@gmail.com', 'Desa Purwodadi, RT 11/ RW 02, Kecamatan Barat, Kabupaten Magetan', '082185932319', 5, 3, 2);
INSERT INTO `tenagakerja` VALUES (17, '3520131710990002', 'VIAN OKTA PRATAMA', 'L', 'bmvian9@gmail.com', 'Ds.sambirembe,kec.karangrejo,kab.magetan rt02/01 jawatimur 63395', '082140279883', 1, 2, 2);
INSERT INTO `tenagakerja` VALUES (18, '3520051907020001', 'FARIS ALLYAH ABDULLAH', 'L', 'farisallyah917@gmail.com', 'Magetan', '08816319971', 4, 1, 2);
INSERT INTO `tenagakerja` VALUES (19, '3520110202030001', 'ROHSY DARMA MANGKU LUHUR', 'L', 'rohsydarma12@gmail.com', 'Jln mawar Rt06 Rw02', '085784909968', 4, 1, 1);
INSERT INTO `tenagakerja` VALUES (20, '3520170308000001', 'MUHAMAD AFIS', 'L', 'arekgogata22@gmail.com', 'ds gorang gareng rt 10 rw 02', '081930776674', 1, 2, 3);
INSERT INTO `tenagakerja` VALUES (21, '3520141203010001', 'ALFIN DIMAS KURNIAWAN', 'L', 'alfindimas755@gmail.com', 'jungke kec, Karas kab, Magetan RT 08 RW 02', '088235629123', 2, 2, 1);
INSERT INTO `tenagakerja` VALUES (22, '3520101811860003', 'LULUT PRIHATIN', 'L', 'bangjali78780@gmail.com', 'Pingkuk,RT.17/RW,04,KEC.BENDO', '085328199809', 3, 2, 1);
INSERT INTO `tenagakerja` VALUES (23, '3520156303950001', 'SARI LISTIYANINGRUM', 'P', 'sarilistiya675@gmail.com', 'Kebonagung Bayemtaman rt 001 rw 001 Kartoharjo Magetan', '085284889369', 6, 3, 1);
INSERT INTO `tenagakerja` VALUES (24, '3520125107030001', 'WAHYU DIANA ROSSI', 'P', 'wahyudiana140@gmail.com', 'Desa Jonggrang rt.13/rw.04, Kec. Barat, Kab. Magetan', '085607438339', 4, 1, 1);
INSERT INTO `tenagakerja` VALUES (25, '3520140403860001', 'HASYIM ASNGARI', 'L', 'as.hasyim96@gmail.com', 'desa botok rt 03 rw 02 kec.karas kab.magetan', '081217883922', 4, 1, 1);
INSERT INTO `tenagakerja` VALUES (26, '3520044410970001', 'SARIYANTI OCTAVIA', 'P', 'sariyantioc@gmail.com', 'Ds. Madigondo Rt 4 Rw 2 Kec. Takeran Kab. Magetan', '085704671612', 1, 2, 1);
INSERT INTO `tenagakerja` VALUES (27, '3520111408880001', 'ANAM SUMARWAN M', 'L', 'anamsumarwan88@gmail.com', 'Jalan mangga Rt 1 RW 1 desa gulun kecamatan Maospati kabupaten magetan provinsi jawatimur', '081617257623', 4, 1, 1);
INSERT INTO `tenagakerja` VALUES (28, '3520075002010002', 'WIDYA DWI ROSIANA', 'P', 'widyarosiana10@gmail.com', 'dsn. dele rt.02 rw.01, kec. plaosan, kab. magetan', '085853860952', 4, 1, 2);
INSERT INTO `tenagakerja` VALUES (29, '3520062910980003', 'SYAHDINAR GOVINDA HUTAMA', 'L', 'hutamaddinar29@gmail.com', 'Jl. Jambu RT 04/RW 03 Desa Purwosari, Kec. Magetan, Kab. Magetan', '081770044405', 4, 1, 2);
INSERT INTO `tenagakerja` VALUES (30, '3520094905840001', 'SRI SETYOWATI', 'P', 'iingsaleho@gmail.com', 'Jl.kelurahan sukomoro rt 004 rw 001 desa sukomoro kec.sukomoro kab.magetan', '85732767504', 4, 1, 2);

-- ----------------------------
-- Table structure for tingkat
-- ----------------------------
DROP TABLE IF EXISTS `tingkat`;
CREATE TABLE `tingkat`  (
  `id_tingkat` int(4) NOT NULL AUTO_INCREMENT,
  `tingkat` varchar(50) CHARACTER SET utf8mb4 COLLATE utf8mb4_general_ci NOT NULL,
  PRIMARY KEY (`id_tingkat`) USING BTREE
) ENGINE = InnoDB AUTO_INCREMENT = 22 CHARACTER SET = utf8mb4 COLLATE = utf8mb4_general_ci ROW_FORMAT = Dynamic;

-- ----------------------------
-- Records of tingkat
-- ----------------------------
INSERT INTO `tingkat` VALUES (1, 'S1');
INSERT INTO `tingkat` VALUES (2, 'SMK');
INSERT INTO `tingkat` VALUES (3, 'SMA atau Sederajat');
INSERT INTO `tingkat` VALUES (4, 'SMP atau Sederajat');

-- ----------------------------
-- Table structure for users
-- ----------------------------
DROP TABLE IF EXISTS `users`;
CREATE TABLE `users`  (
  `id` bigint(20) UNSIGNED NOT NULL AUTO_INCREMENT,
  `name` varchar(255) CHARACTER SET utf8mb4 COLLATE utf8mb4_unicode_ci NOT NULL,
  `role` int(1) NULL DEFAULT NULL,
  `email` varchar(255) CHARACTER SET utf8mb4 COLLATE utf8mb4_unicode_ci NOT NULL,
  `telp` varchar(15) CHARACTER SET utf8mb4 COLLATE utf8mb4_unicode_ci NOT NULL,
  `email_verified_at` timestamp(0) NULL DEFAULT NULL,
  `opd` varchar(100) CHARACTER SET utf8mb4 COLLATE utf8mb4_unicode_ci NULL DEFAULT NULL,
  `password` varchar(255) CHARACTER SET utf8mb4 COLLATE utf8mb4_unicode_ci NOT NULL,
  `two_factor_secret` text CHARACTER SET utf8mb4 COLLATE utf8mb4_unicode_ci NULL,
  `two_factor_recovery_codes` text CHARACTER SET utf8mb4 COLLATE utf8mb4_unicode_ci NULL,
  `remember_token` varchar(100) CHARACTER SET utf8mb4 COLLATE utf8mb4_unicode_ci NULL DEFAULT NULL,
  `current_team_id` bigint(20) UNSIGNED NULL DEFAULT NULL,
  `profile_photo_path` varchar(2048) CHARACTER SET utf8mb4 COLLATE utf8mb4_unicode_ci NULL DEFAULT NULL,
  `created_at` timestamp(0) NULL DEFAULT NULL,
  `updated_at` timestamp(0) NULL DEFAULT NULL,
  PRIMARY KEY (`id`) USING BTREE
) ENGINE = InnoDB AUTO_INCREMENT = 24 CHARACTER SET = utf8mb4 COLLATE = utf8mb4_unicode_ci ROW_FORMAT = Dynamic;

-- ----------------------------
-- Records of users
-- ----------------------------
INSERT INTO `users` VALUES (15, 'Veridha Yuli Rahmawati', 1, 'admin@gmail.com', '082143566152', '2021-09-18 01:02:18', NULL, '$2y$10$Mg62EjGTMIvahr3blv2X9uOHHypKNt8u4oZRV3/UMa4cFJztD7aE6', NULL, NULL, NULL, NULL, NULL, '2021-11-10 09:05:09', NULL);

SET FOREIGN_KEY_CHECKS = 1;
